t [s]; speed [encoder diff @ 1KHz]
0.0;0
0.001;0
0.002;0
0.003;1
0.004;0
0.005;1
0.006;0
0.007;0
0.008;1
0.009;1
0.01;0
0.011;1
0.012;0
0.013;1
0.014;0
0.015;0
0.016;1
0.017;1
0.018;0
0.019;1
0.02;1
0.021;0
0.022;1
0.023;1
0.024;0
0.025;1
0.026;1
0.027;0
0.028;1
0.029;1
0.03;0
0.031;1
0.032;1
0.033;0
0.034;1
0.035;1
0.036;1
0.037;1
0.038;0
0.039;1
0.04;1
0.041;1
0.042;1
0.043;0
0.044;1
0.045;1
0.046;1
0.047;1
0.048;0
0.049;2
0.05;0
0.051;1
0.052;1
0.053;1
0.054;1
0.055;1
0.056;1
0.057;0
0.058;2
0.059;0
0.06;2
0.061;0
0.062;1
0.063;1
0.064;1
0.065;1
0.066;1
0.067;1
0.068;1
0.069;1
0.07;1
0.071;1
0.072;2
0.073;0
0.074;2
0.075;1
0.076;1
0.077;1
0.078;1
0.079;1
0.08;1
0.081;1
0.082;1
0.083;2
0.084;0
0.085;2
0.086;1
0.087;1
0.088;1
0.089;2
0.09;1
0.091;1
0.092;1
0.093;1
0.094;1
0.095;2
0.096;1
0.097;1
0.098;1
0.099;2
0.1;1
0.101;1
0.102;1
0.103;2
0.104;1
0.105;1
0.106;2
0.107;1
0.108;1
0.109;2
0.11;1
0.111;1
0.112;2
0.113;1
0.114;2
0.115;1
0.116;1
0.117;2
0.118;1
0.119;2
0.12;1
0.121;1
0.122;2
0.123;2
0.124;1
0.125;1
0.126;2
0.127;1
0.128;2
0.129;1
0.13;2
0.131;1
0.132;1
0.133;2
0.134;2
0.135;1
0.136;2
0.137;1
0.138;2
0.139;2
0.14;1
0.141;2
0.142;1
0.143;2
0.144;2
0.145;1
0.146;2
0.147;1
0.148;2
0.149;2
0.15;1
0.151;2
0.152;1
0.153;2
0.154;2
0.155;1
0.156;2
0.157;2
0.158;2
0.159;1
0.16;2
0.161;2
0.162;1
0.163;2
0.164;2
0.165;2
0.166;1
0.167;2
0.168;2
0.169;2
0.17;2
0.171;1
0.172;2
0.173;2
0.174;2
0.175;1
0.176;2
0.177;2
0.178;2
0.179;2
0.18;2
0.181;2
0.182;2
0.183;2
0.184;1
0.185;2
0.186;2
0.187;2
0.188;2
0.189;2
0.19;2
0.191;2
0.192;1
0.193;3
0.194;1
0.195;2
0.196;2
0.197;2
0.198;2
0.199;2
0.2;2
0.201;2
0.202;2
0.203;2
0.204;2
0.205;2
0.206;2
0.207;3
0.208;1
0.209;3
0.21;1
0.211;3
0.212;2
0.213;2
0.214;2
0.215;2
0.216;2
0.217;2
0.218;2
0.219;3
0.22;2
0.221;2
0.222;2
0.223;2
0.224;2
0.225;2
0.226;3
0.227;2
0.228;2
0.229;2
0.23;2
0.231;2
0.232;3
0.233;2
0.234;2
0.235;2
0.236;2
0.237;3
0.238;2
0.239;3
0.24;2
0.241;2
0.242;2
0.243;2
0.244;3
0.245;2
0.246;3
0.247;2
0.248;2
0.249;2
0.25;3
0.251;2
0.252;2
0.253;3
0.254;2
0.255;2
0.256;3
0.257;2
0.258;3
0.259;2
0.26;2
0.261;3
0.262;2
0.263;3
0.264;2
0.265;2
0.266;3
0.267;2
0.268;3
0.269;2
0.27;2
0.271;3
0.272;3
0.273;2
0.274;2
0.275;3
0.276;3
0.277;2
0.278;2
0.279;3
0.28;2
0.281;3
0.282;2
0.283;3
0.284;3
0.285;2
0.286;2
0.287;3
0.288;3
0.289;2
0.29;3
0.291;3
0.292;2
0.293;3
0.294;2
0.295;3
0.296;3
0.297;2
0.298;3
0.299;3
0.3;2
0.301;3
0.302;2
0.303;3
0.304;3
0.305;2
0.306;3
0.307;3
0.308;3
0.309;2
0.31;3
0.311;3
0.312;2
0.313;3
0.314;3
0.315;3
0.316;2
0.317;3
0.318;3
0.319;2
0.32;4
0.321;2
0.322;3
0.323;3
0.324;2
0.325;3
0.326;3
0.327;3
0.328;3
0.329;2
0.33;3
0.331;3
0.332;3
0.333;3
0.334;3
0.335;3
0.336;2
0.337;3
0.338;3
0.339;3
0.34;3
0.341;3
0.342;3
0.343;2
0.344;4
0.345;2
0.346;3
0.347;3
0.348;3
0.349;3
0.35;3
0.351;3
0.352;3
0.353;3
0.354;3
0.355;3
0.356;3
0.357;3
0.358;3
0.359;3
0.36;3
0.361;3
0.362;3
0.363;3
0.364;3
0.365;3
0.366;3
0.367;3
0.368;3
0.369;3
0.37;3
0.371;3
0.372;3
0.373;3
0.374;3
0.375;3
0.376;4
0.377;3
0.378;3
0.379;3
0.38;3
0.381;3
0.382;3
0.383;3
0.384;3
0.385;4
0.386;3
0.387;3
0.388;3
0.389;3
0.39;4
0.391;3
0.392;3
0.393;3
0.394;3
0.395;4
0.396;3
0.397;3
0.398;3
0.399;3
0.4;4
0.401;3
0.402;3
0.403;3
0.404;3
0.405;4
0.406;3
0.407;3
0.408;4
0.409;2
0.41;4
0.411;4
0.412;3
0.413;3
0.414;3
0.415;3
0.416;4
0.417;3
0.418;4
0.419;3
0.42;3
0.421;3
0.422;4
0.423;3
0.424;4
0.425;3
0.426;3
0.427;3
0.428;4
0.429;4
0.43;3
0.431;3
0.432;4
0.433;3
0.434;3
0.435;4
0.436;4
0.437;3
0.438;3
0.439;4
0.44;3
0.441;3
0.442;4
0.443;4
0.444;3
0.445;3
0.446;4
0.447;4
0.448;3
0.449;3
0.45;4
0.451;4
0.452;3
0.453;4
0.454;3
0.455;4
0.456;3
0.457;3
0.458;4
0.459;4
0.46;3
0.461;4
0.462;3
0.463;4
0.464;4
0.465;3
0.466;4
0.467;3
0.468;4
0.469;4
0.47;3
0.471;4
0.472;3
0.473;4
0.474;4
0.475;3
0.476;4
0.477;3
0.478;4
0.479;4
0.48;4
0.481;4
0.482;3
0.483;4
0.484;3
0.485;4
0.486;4
0.487;3
0.488;4
0.489;4
0.49;3
0.491;4
0.492;4
0.493;4
0.494;4
0.495;3
0.496;4
0.497;4
0.498;3
0.499;4
0.5;4
0.501;4
0.502;3
0.503;4
0.504;4
0.505;4
0.506;3
0.507;4
0.508;4
0.509;4
0.51;4
0.511;4
0.512;4
0.513;3
0.514;4
0.515;4
0.516;4
0.517;4
0.518;3
0.519;4
0.52;4
0.521;4
0.522;4
0.523;4
0.524;4
0.525;4
0.526;4
0.527;3
0.528;4
0.529;4
0.53;4
0.531;4
0.532;4
0.533;4
0.534;4
0.535;3
0.536;4
0.537;4
0.538;4
0.539;4
0.54;4
0.541;4
0.542;4
0.543;4
0.544;4
0.545;4
0.546;4
0.547;4
0.548;4
0.549;4
0.55;4
0.551;4
0.552;4
0.553;4
0.554;4
0.555;4
0.556;4
0.557;4
0.558;4
0.559;4
0.56;4
0.561;5
0.562;4
0.563;4
0.564;4
0.565;4
0.566;4
0.567;4
0.568;4
0.569;4
0.57;4
0.571;5
0.572;4
0.573;4
0.574;4
0.575;4
0.576;4
0.577;4
0.578;5
0.579;4
0.58;4
0.581;4
0.582;4
0.583;4
0.584;5
0.585;4
0.586;4
0.587;4
0.588;4
0.589;4
0.59;4
0.591;5
0.592;4
0.593;4
0.594;4
0.595;5
0.596;4
0.597;4
0.598;4
0.599;5
0.6;4
0.601;4
0.602;5
0.603;4
0.604;4
0.605;4
0.606;4
0.607;5
0.608;4
0.609;4
0.61;5
0.611;4
0.612;4
0.613;4
0.614;5
0.615;4
0.616;5
0.617;4
0.618;4
0.619;4
0.62;5
0.621;4
0.622;4
0.623;5
0.624;4
0.625;4
0.626;5
0.627;4
0.628;5
0.629;4
0.63;4
0.631;5
0.632;4
0.633;5
0.634;4
0.635;4
0.636;5
0.637;4
0.638;5
0.639;4
0.64;4
0.641;5
0.642;4
0.643;5
0.644;4
0.645;5
0.646;4
0.647;5
0.648;4
0.649;4
0.65;5
0.651;5
0.652;4
0.653;5
0.654;4
0.655;5
0.656;4
0.657;4
0.658;5
0.659;5
0.66;4
0.661;5
0.662;4
0.663;5
0.664;4
0.665;5
0.666;4
0.667;5
0.668;4
0.669;5
0.67;5
0.671;4
0.672;5
0.673;4
0.674;5
0.675;5
0.676;4
0.677;5
0.678;4
0.679;5
0.68;4
0.681;5
0.682;5
0.683;5
0.684;4
0.685;4
0.686;5
0.687;5
0.688;5
0.689;4
0.69;5
0.691;4
0.692;5
0.693;5
0.694;4
0.695;5
0.696;5
0.697;4
0.698;5
0.699;5
0.7;5
0.701;5
0.702;4
0.703;5
0.704;4
0.705;5
0.706;5
0.707;5
0.708;4
0.709;5
0.71;5
0.711;5
0.712;5
0.713;4
0.714;5
0.715;5
0.716;5
0.717;4
0.718;5
0.719;5
0.72;5
0.721;4
0.722;5
0.723;5
0.724;5
0.725;5
0.726;4
0.727;5
0.728;5
0.729;5
0.73;5
0.731;5
0.732;5
0.733;4
0.734;5
0.735;5
0.736;5
0.737;5
0.738;4
0.739;5
0.74;5
0.741;5
0.742;5
0.743;5
0.744;5
0.745;5
0.746;5
0.747;4
0.748;5
0.749;5
0.75;6
0.751;4
0.752;5
0.753;5
0.754;5
0.755;5
0.756;5
0.757;5
0.758;5
0.759;5
0.76;5
0.761;5
0.762;5
0.763;5
0.764;4
0.765;6
0.766;5
0.767;5
0.768;4
0.769;6
0.77;5
0.771;5
0.772;4
0.773;6
0.774;5
0.775;5
0.776;5
0.777;5
0.778;5
0.779;5
0.78;5
0.781;5
0.782;5
0.783;5
0.784;5
0.785;5
0.786;5
0.787;5
0.788;5
0.789;6
0.79;5
0.791;4
0.792;6
0.793;5
0.794;5
0.795;5
0.796;5
0.797;5
0.798;5
0.799;6
0.8;5
0.801;5
0.802;5
0.803;5
0.804;5
0.805;5
0.806;6
0.807;5
0.808;5
0.809;5
0.81;5
0.811;6
0.812;4
0.813;6
0.814;5
0.815;5
0.816;5
0.817;6
0.818;5
0.819;5
0.82;5
0.821;6
0.822;4
0.823;6
0.824;5
0.825;5
0.826;6
0.827;5
0.828;5
0.829;5
0.83;6
0.831;5
0.832;5
0.833;5
0.834;6
0.835;5
0.836;5
0.837;6
0.838;4
0.839;6
0.84;6
0.841;4
0.842;6
0.843;5
0.844;5
0.845;6
0.846;5
0.847;5
0.848;6
0.849;5
0.85;5
0.851;6
0.852;5
0.853;5
0.854;6
0.855;5
0.856;5
0.857;6
0.858;5
0.859;5
0.86;6
0.861;6
0.862;5
0.863;5
0.864;6
0.865;5
0.866;6
0.867;5
0.868;5
0.869;6
0.87;5
0.871;6
0.872;5
0.873;5
0.874;6
0.875;5
0.876;6
0.877;5
0.878;6
0.879;5
0.88;6
0.881;5
0.882;5
0.883;6
0.884;5
0.885;6
0.886;6
0.887;5
0.888;5
0.889;6
0.89;5
0.891;6
0.892;5
0.893;6
0.894;6
0.895;5
0.896;5
0.897;6
0.898;6
0.899;5
0.9;5
0.901;6
0.902;6
0.903;5
0.904;6
0.905;5
0.906;6
0.907;6
0.908;5
0.909;6
0.91;5
0.911;6
0.912;6
0.913;5
0.914;6
0.915;5
0.916;6
0.917;6
0.918;5
0.919;6
0.92;5
0.921;6
0.922;6
0.923;5
0.924;6
0.925;5
0.926;6
0.927;6
0.928;6
0.929;5
0.93;6
0.931;5
0.932;6
0.933;6
0.934;6
0.935;5
0.936;6
0.937;5
0.938;6
0.939;6
0.94;6
0.941;5
0.942;6
0.943;6
0.944;5
0.945;6
0.946;6
0.947;6
0.948;6
0.949;5
0.95;6
0.951;5
0.952;6
0.953;6
0.954;6
0.955;6
0.956;5
0.957;6
0.958;5
0.959;7
0.96;5
0.961;6
0.962;6
0.963;6
0.964;6
0.965;5
0.966;6
0.967;6
0.968;6
0.969;5
0.97;6
0.971;6
0.972;6
0.973;6
0.974;6
0.975;6
0.976;5
0.977;6
0.978;6
0.979;6
0.98;6
0.981;6
0.982;5
0.983;6
0.984;6
0.985;6
0.986;6
0.987;6
0.988;6
0.989;6
0.99;6
0.991;6
0.992;6
0.993;5
0.994;6
0.995;6
0.996;6
0.997;6
0.998;6
0.999;5
1.0;7
1.001;6
1.002;6
1.003;5
1.004;7
1.005;5
1.006;7
1.007;5
1.008;6
1.009;6
1.01;6
1.011;6
1.012;6
1.013;6
1.014;6
1.015;6
1.016;6
1.017;6
1.018;6
1.019;6
1.02;6
1.021;6
1.022;6
1.023;6
1.024;6
1.025;6
1.026;7
1.027;5
1.028;7
1.029;5
1.03;7
1.031;5
1.032;7
1.033;6
1.034;6
1.035;6
1.036;6
1.037;6
1.038;6
1.039;6
1.04;7
1.041;5
1.042;7
1.043;6
1.044;6
1.045;6
1.046;6
1.047;6
1.048;6
1.049;6
1.05;6
1.051;7
1.052;5
1.053;7
1.054;6
1.055;6
1.056;6
1.057;6
1.058;7
1.059;6
1.06;6
1.061;6
1.062;6
1.063;6
1.064;7
1.065;5
1.066;7
1.067;6
1.068;6
1.069;6
1.07;7
1.071;6
1.072;6
1.073;6
1.074;6
1.075;7
1.076;6
1.077;6
1.078;6
1.079;7
1.08;6
1.081;6
1.082;6
1.083;6
1.084;7
1.085;6
1.086;6
1.087;7
1.088;6
1.089;6
1.09;6
1.091;7
1.092;6
1.093;6
1.094;6
1.095;7
1.096;6
1.097;6
1.098;6
1.099;7
1.1;6
1.101;6
1.102;7
1.103;6
1.104;6
1.105;7
1.106;6
1.107;7
1.108;6
1.109;6
1.11;6
1.111;6
1.112;7
1.113;6
1.114;7
1.115;6
1.116;6
1.117;7
1.118;6
1.119;7
1.12;6
1.121;6
1.122;7
1.123;6
1.124;6
1.125;7
1.126;6
1.127;7
1.128;6
1.129;6
1.13;7
1.131;6
1.132;7
1.133;6
1.134;7
1.135;6
1.136;6
1.137;7
1.138;6
1.139;7
1.14;6
1.141;6
1.142;7
1.143;6
1.144;7
1.145;6
1.146;7
1.147;6
1.148;7
1.149;6
1.15;7
1.151;6
1.152;7
1.153;6
1.154;6
1.155;7
1.156;7
1.157;6
1.158;7
1.159;6
1.16;7
1.161;6
1.162;6
1.163;7
1.164;7
1.165;6
1.166;7
1.167;6
1.168;7
1.169;6
1.17;7
1.171;7
1.172;6
1.173;6
1.174;7
1.175;7
1.176;6
1.177;7
1.178;6
1.179;7
1.18;7
1.181;6
1.182;7
1.183;6
1.184;7
1.185;7
1.186;6
1.187;6
1.188;7
1.189;7
1.19;6
1.191;7
1.192;7
1.193;6
1.194;7
1.195;7
1.196;6
1.197;7
1.198;7
1.199;6
1.2;7
1.201;7
1.202;6
1.203;7
1.204;6
1.205;7
1.206;7
1.207;6
1.208;7
1.209;7
1.21;7
1.211;6
1.212;7
1.213;6
1.214;7
1.215;7
1.216;7
1.217;6
1.218;7
1.219;7
1.22;6
1.221;7
1.222;7
1.223;6
1.224;7
1.225;7
1.226;6
1.227;8
1.228;6
1.229;7
1.23;7
1.231;7
1.232;6
1.233;7
1.234;7
1.235;7
1.236;6
1.237;7
1.238;7
1.239;6
1.24;8
1.241;6
1.242;7
1.243;7
1.244;7
1.245;6
1.246;7
1.247;7
1.248;7
1.249;6
1.25;8
1.251;6
1.252;7
1.253;7
1.254;7
1.255;7
1.256;6
1.257;7
1.258;7
1.259;7
1.26;7
1.261;7
1.262;7
1.263;6
1.264;7
1.265;7
1.266;7
1.267;7
1.268;7
1.269;7
1.27;6
1.271;8
1.272;6
1.273;7
1.274;7
1.275;7
1.276;7
1.277;6
1.278;8
1.279;7
1.28;7
1.281;6
1.282;7
1.283;7
1.284;7
1.285;7
1.286;7
1.287;7
1.288;7
1.289;7
1.29;7
1.291;7
1.292;6
1.293;8
1.294;7
1.295;7
1.296;6
1.297;8
1.298;7
1.299;6
1.3;7
1.301;8
1.302;6
1.303;7
1.304;7
1.305;8
1.306;6
1.307;7
1.308;7
1.309;7
1.31;7
1.311;7
1.312;7
1.313;8
1.314;6
1.315;8
1.316;6
1.317;8
1.318;7
1.319;7
1.32;6
1.321;8
1.322;7
1.323;7
1.324;7
1.325;7
1.326;7
1.327;7
1.328;7
1.329;7
1.33;7
1.331;7
1.332;8
1.333;6
1.334;8
1.335;7
1.336;7
1.337;7
1.338;7
1.339;7
1.34;7
1.341;7
1.342;7
1.343;8
1.344;7
1.345;7
1.346;7
1.347;7
1.348;7
1.349;7
1.35;8
1.351;6
1.352;8
1.353;7
1.354;7
1.355;7
1.356;7
1.357;8
1.358;7
1.359;7
1.36;7
1.361;7
1.362;8
1.363;7
1.364;7
1.365;7
1.366;7
1.367;7
1.368;8
1.369;7
1.37;7
1.371;7
1.372;8
1.373;7
1.374;7
1.375;7
1.376;7
1.377;8
1.378;7
1.379;7
1.38;7
1.381;7
1.382;8
1.383;7
1.384;7
1.385;7
1.386;7
1.387;8
1.388;7
1.389;7
1.39;8
1.391;7
1.392;7
1.393;8
1.394;7
1.395;7
1.396;7
1.397;7
1.398;8
1.399;7
1.4;7
1.401;8
1.402;7
1.403;7
1.404;8
1.405;7
1.406;7
1.407;8
1.408;7
1.409;7
1.41;8
1.411;7
1.412;7
1.413;7
1.414;8
1.415;7
1.416;8
1.417;7
1.418;7
1.419;7
1.42;8
1.421;7
1.422;8
1.423;7
1.424;7
1.425;8
1.426;7
1.427;7
1.428;8
1.429;7
1.43;7
1.431;8
1.432;7
1.433;7
1.434;8
1.435;8
1.436;7
1.437;7
1.438;8
1.439;7
1.44;7
1.441;8
1.442;7
1.443;8
1.444;7
1.445;8
1.446;7
1.447;7
1.448;8
1.449;7
1.45;8
1.451;7
1.452;8
1.453;7
1.454;7
1.455;8
1.456;8
1.457;7
1.458;7
1.459;8
1.46;7
1.461;7
1.462;8
1.463;8
1.464;7
1.465;8
1.466;7
1.467;8
1.468;7
1.469;7
1.47;8
1.471;8
1.472;7
1.473;8
1.474;7
1.475;8
1.476;7
1.477;7
1.478;8
1.479;8
1.48;7
1.481;8
1.482;7
1.483;8
1.484;7
1.485;8
1.486;7
1.487;8
1.488;8
1.489;7
1.49;8
1.491;7
1.492;8
1.493;7
1.494;8
1.495;7
1.496;8
1.497;8
1.498;7
1.499;8
1.5;7
1.501;8
1.502;8
1.503;7
1.504;8
1.505;7
1.506;8
1.507;8
1.508;7
1.509;8
1.51;7
1.511;8
1.512;8
1.513;7
1.514;8
1.515;7
1.516;8
1.517;8
1.518;8
1.519;7
1.52;8
1.521;7
1.522;8
1.523;8
1.524;7
1.525;8
1.526;7
1.527;8
1.528;8
1.529;8
1.53;7
1.531;8
1.532;7
1.533;8
1.534;8
1.535;8
1.536;7
1.537;8
1.538;7
1.539;8
1.54;8
1.541;8
1.542;8
1.543;7
1.544;8
1.545;8
1.546;7
1.547;8
1.548;8
1.549;7
1.55;8
1.551;8
1.552;7
1.553;8
1.554;8
1.555;8
1.556;8
1.557;7
1.558;8
1.559;8
1.56;8
1.561;7
1.562;8
1.563;8
1.564;8
1.565;7
1.566;8
1.567;8
1.568;7
1.569;8
1.57;8
1.571;8
1.572;8
1.573;8
1.574;7
1.575;8
1.576;8
1.577;8
1.578;7
1.579;8
1.58;8
1.581;8
1.582;8
1.583;8
1.584;7
1.585;8
1.586;8
1.587;8
1.588;7
1.589;8
1.59;8
1.591;8
1.592;8
1.593;8
1.594;8
1.595;8
1.596;8
1.597;7
1.598;8
1.599;8
1.6;8
1.601;8
1.602;8
1.603;7
1.604;8
1.605;8
1.606;8
1.607;8
1.608;8
1.609;8
1.61;8
1.611;8
1.612;7
1.613;8
1.614;8
1.615;8
1.616;8
1.617;8
1.618;7
1.619;8
1.62;8
1.621;8
1.622;8
1.623;8
1.624;8
1.625;8
1.626;8
1.627;8
1.628;8
1.629;8
1.63;8
1.631;8
1.632;8
1.633;8
1.634;8
1.635;8
1.636;8
1.637;8
1.638;8
1.639;8
1.64;8
1.641;8
1.642;8
1.643;8
1.644;8
1.645;8
1.646;8
1.647;8
1.648;8
1.649;8
1.65;8
1.651;8
1.652;8
1.653;8
1.654;8
1.655;8
1.656;8
1.657;8
1.658;8
1.659;8
1.66;8
1.661;8
1.662;8
1.663;8
1.664;8
1.665;8
1.666;8
1.667;8
1.668;8
1.669;8
1.67;8
1.671;8
1.672;8
1.673;8
1.674;8
1.675;8
1.676;8
1.677;8
1.678;8
1.679;8
1.68;8
1.681;8
1.682;8
1.683;9
1.684;8
1.685;8
1.686;8
1.687;8
1.688;8
1.689;8
1.69;8
1.691;8
1.692;9
1.693;8
1.694;8
1.695;8
1.696;8
1.697;8
1.698;8
1.699;8
1.7;8
1.701;9
1.702;8
1.703;8
1.704;8
1.705;8
1.706;8
1.707;9
1.708;8
1.709;8
1.71;8
1.711;8
1.712;8
1.713;8
1.714;8
1.715;8
1.716;9
1.717;8
1.718;8
1.719;8
1.72;9
1.721;8
1.722;8
1.723;8
1.724;8
1.725;9
1.726;8
1.727;8
1.728;8
1.729;8
1.73;9
1.731;8
1.732;8
1.733;8
1.734;8
1.735;8
1.736;8
1.737;9
1.738;8
1.739;8
1.74;9
1.741;8
1.742;8
1.743;8
1.744;8
1.745;9
1.746;8
1.747;8
1.748;9
1.749;8
1.75;8
1.751;8
1.752;8
1.753;9
1.754;8
1.755;8
1.756;9
1.757;8
1.758;8
1.759;8
1.76;9
1.761;8
1.762;8
1.763;9
1.764;8
1.765;8
1.766;8
1.767;8
1.768;9
1.769;8
1.77;9
1.771;8
1.772;8
1.773;8
1.774;9
1.775;8
1.776;9
1.777;8
1.778;8
1.779;8
1.78;8
1.781;9
1.782;8
1.783;9
1.784;8
1.785;8
1.786;9
1.787;8
1.788;9
1.789;8
1.79;8
1.791;8
1.792;9
1.793;8
1.794;8
1.795;9
1.796;8
1.797;9
1.798;8
1.799;8
1.8;9
1.801;8
1.802;8
1.803;9
1.804;8
1.805;9
1.806;8
1.807;8
1.808;9
1.809;8
1.81;9
1.811;8
1.812;8
1.813;9
1.814;8
1.815;9
1.816;8
1.817;8
1.818;9
1.819;8
1.82;9
1.821;8
1.822;8
1.823;9
1.824;8
1.825;9
1.826;8
1.827;9
1.828;8
1.829;9
1.83;8
1.831;8
1.832;9
1.833;8
1.834;9
1.835;8
1.836;9
1.837;8
1.838;9
1.839;8
1.84;8
1.841;9
1.842;9
1.843;8
1.844;9
1.845;8
1.846;9
1.847;8
1.848;8
1.849;9
1.85;8
1.851;9
1.852;8
1.853;9
1.854;9
1.855;8
1.856;8
1.857;9
1.858;8
1.859;9
1.86;9
1.861;8
1.862;9
1.863;8
1.864;8
1.865;9
1.866;9
1.867;8
1.868;9
1.869;8
1.87;9
1.871;8
1.872;9
1.873;9
1.874;8
1.875;9
1.876;8
1.877;9
1.878;8
1.879;8
1.88;9
1.881;9
1.882;9
1.883;8
1.884;9
1.885;8
1.886;8
1.887;9
1.888;9
1.889;9
1.89;8
1.891;9
1.892;8
1.893;9
1.894;9
1.895;8
1.896;9
1.897;8
1.898;9
1.899;8
1.9;9
1.901;9
1.902;8
1.903;9
1.904;9
1.905;8
1.906;9
1.907;8
1.908;9
1.909;9
1.91;8
1.911;9
1.912;8
1.913;9
1.914;9
1.915;8
1.916;9
1.917;9
1.918;8
1.919;9
1.92;9
1.921;8
1.922;9
1.923;9
1.924;8
1.925;9
1.926;9
1.927;8
1.928;9
1.929;9
1.93;8
1.931;9
1.932;9
1.933;8
1.934;9
1.935;9
1.936;8
1.937;9
1.938;9
1.939;9
1.94;8
1.941;9
1.942;8
1.943;9
1.944;9
1.945;9
1.946;9
1.947;8
1.948;9
1.949;9
1.95;8
1.951;9
1.952;9
1.953;8
1.954;9
1.955;9
1.956;9
1.957;9
1.958;8
1.959;9
1.96;9
1.961;9
1.962;8
1.963;9
1.964;8
1.965;10
1.966;8
1.967;9
1.968;9
1.969;8
1.97;9
1.971;9
1.972;9
1.973;9
1.974;8
1.975;9
1.976;9
1.977;9
1.978;9
1.979;8
1.98;9
1.981;9
1.982;9
1.983;9
1.984;8
1.985;9
1.986;9
1.987;9
1.988;9
1.989;8
1.99;9
1.991;9
1.992;9
1.993;9
1.994;8
1.995;9
1.996;9
1.997;9
1.998;9
1.999;8
2.0;9
2.001;9
2.002;9
2.003;9
2.004;8
2.005;10
2.006;8
2.007;9
2.008;9
2.009;9
2.01;9
2.011;9
2.012;9
2.013;8
2.014;9
2.015;9
2.016;9
2.017;9
2.018;8
2.019;10
2.02;9
2.021;8
2.022;9
2.023;9
2.024;9
2.025;9
2.026;9
2.027;9
2.028;9
2.029;9
2.03;8
2.031;9
2.032;9
2.033;9
2.034;9
2.035;9
2.036;9
2.037;9
2.038;9
2.039;9
2.04;8
2.041;9
2.042;9
2.043;9
2.044;9
2.045;9
2.046;9
2.047;9
2.048;9
2.049;9
2.05;9
2.051;9
2.052;9
2.053;8
2.054;10
2.055;9
2.056;9
2.057;8
2.058;9
2.059;9
2.06;10
2.061;8
2.062;9
2.063;9
2.064;9
2.065;9
2.066;9
2.067;9
2.068;9
2.069;9
2.07;9
2.071;9
2.072;9
2.073;9
2.074;9
2.075;9
2.076;9
2.077;9
2.078;9
2.079;9
2.08;9
2.081;9
2.082;9
2.083;9
2.084;9
2.085;9
2.086;9
2.087;9
2.088;9
2.089;9
2.09;9
2.091;9
2.092;10
2.093;8
2.094;9
2.095;10
2.096;9
2.097;8
2.098;10
2.099;9
2.1;9
2.101;9
2.102;9
2.103;9
2.104;9
2.105;9
2.106;9
2.107;9
2.108;9
2.109;9
2.11;9
2.111;10
2.112;8
2.113;10
2.114;9
2.115;9
2.116;9
2.117;9
2.118;9
2.119;9
2.12;9
2.121;9
2.122;9
2.123;9
2.124;10
2.125;9
2.126;9
2.127;9
2.128;9
2.129;9
2.13;9
2.131;9
2.132;9
2.133;10
2.134;8
2.135;10
2.136;9
2.137;9
2.138;9
2.139;9
2.14;10
2.141;8
2.142;10
2.143;9
2.144;9
2.145;9
2.146;9
2.147;10
2.148;8
2.149;10
2.15;9
2.151;9
2.152;9
2.153;9
2.154;10
2.155;8
2.156;10
2.157;9
2.158;9
2.159;9
2.16;9
2.161;10
2.162;9
2.163;9
2.164;9
2.165;9
2.166;10
2.167;9
2.168;9
2.169;9
2.17;9
2.171;10
2.172;9
2.173;9
2.174;9
2.175;9
2.176;10
2.177;9
2.178;9
2.179;9
2.18;9
2.181;10
2.182;9
2.183;9
2.184;10
2.185;8
2.186;10
2.187;9
2.188;9
2.189;9
2.19;10
2.191;9
2.192;9
2.193;9
2.194;10
2.195;9
2.196;9
2.197;10
2.198;8
2.199;10
2.2;9
2.201;9
2.202;10
2.203;9
2.204;9
2.205;10
2.206;9
2.207;9
2.208;9
2.209;9
2.21;10
2.211;9
2.212;9
2.213;10
2.214;9
2.215;9
2.216;10
2.217;9
2.218;9
2.219;10
2.22;8
2.221;10
2.222;9
2.223;9
2.224;10
2.225;9
2.226;9
2.227;10
2.228;9
2.229;9
2.23;10
2.231;9
2.232;9
2.233;10
2.234;9
2.235;9
2.236;10
2.237;9
2.238;9
2.239;10
2.24;9
2.241;9
2.242;10
2.243;9
2.244;9
2.245;10
2.246;9
2.247;9
2.248;10
2.249;9
2.25;9
2.251;10
2.252;9
2.253;9
2.254;10
2.255;10
2.256;9
2.257;9
2.258;10
2.259;9
2.26;9
2.261;10
2.262;9
2.263;10
2.264;9
2.265;9
2.266;10
2.267;9
2.268;10
2.269;9
2.27;9
2.271;10
2.272;9
2.273;9
2.274;10
2.275;10
2.276;9
2.277;9
2.278;10
2.279;9
2.28;9
2.281;10
2.282;9
2.283;10
2.284;9
2.285;10
2.286;9
2.287;9
2.288;10
2.289;10
2.29;9
2.291;9
2.292;10
2.293;9
2.294;10
2.295;9
2.296;9
2.297;10
2.298;9
2.299;10
2.3;10
2.301;9
2.302;9
2.303;10
2.304;9
2.305;10
2.306;9
2.307;10
2.308;9
2.309;9
2.31;10
2.311;10
2.312;9
2.313;10
2.314;9
2.315;10
2.316;9
2.317;9
2.318;10
2.319;10
2.32;9
2.321;10
2.322;9
2.323;10
2.324;9
2.325;9
2.326;10
2.327;10
2.328;9
2.329;10
2.33;9
2.331;10
2.332;10
2.333;9
2.334;9
2.335;10
2.336;10
2.337;9
2.338;9
2.339;10
2.34;10
2.341;9
2.342;10
2.343;9
2.344;10
2.345;10
2.346;9
2.347;10
2.348;9
2.349;10
2.35;10
2.351;9
2.352;9
2.353;10
2.354;9
2.355;10
2.356;9
2.357;10
2.358;10
2.359;9
2.36;10
2.361;9
2.362;10
2.363;10
2.364;9
2.365;10
2.366;9
2.367;10
2.368;10
2.369;9
2.37;10
2.371;9
2.372;10
2.373;10
2.374;9
2.375;10
2.376;9
2.377;10
2.378;10
2.379;9
2.38;10
2.381;10
2.382;9
2.383;10
2.384;10
2.385;9
2.386;10
2.387;10
2.388;9
2.389;10
2.39;10
2.391;9
2.392;10
2.393;9
2.394;10
2.395;10
2.396;9
2.397;10
2.398;9
2.399;10
2.4;10
2.401;10
2.402;10
2.403;9
2.404;10
2.405;9
2.406;10
2.407;10
2.408;9
2.409;10
2.41;9
2.411;10
2.412;10
2.413;10
2.414;10
2.415;9
2.416;10
2.417;9
2.418;10
2.419;10
2.42;10
2.421;9
2.422;10
2.423;10
2.424;9
2.425;10
2.426;10
2.427;9
2.428;10
2.429;10
2.43;10
2.431;9
2.432;10
2.433;10
2.434;9
2.435;10
2.436;10
2.437;10
2.438;9
2.439;10
2.44;10
2.441;10
2.442;9
2.443;10
2.444;10
2.445;9
2.446;10
2.447;10
2.448;10
2.449;10
2.45;9
2.451;10
2.452;10
2.453;10
2.454;9
2.455;10
2.456;10
2.457;10
2.458;10
2.459;9
2.46;10
2.461;9
2.462;10
2.463;10
2.464;10
2.465;10
2.466;10
2.467;10
2.468;9
2.469;10
2.47;10
2.471;10
2.472;9
2.473;10
2.474;10
2.475;10
2.476;10
2.477;9
2.478;10
2.479;10
2.48;10
2.481;9
2.482;10
2.483;10
2.484;10
2.485;10
2.486;10
2.487;10
2.488;9
2.489;10
2.49;10
2.491;10
2.492;9
2.493;10
2.494;10
2.495;10
2.496;10
2.497;10
2.498;10
2.499;10
2.5;9
2.501;10
2.502;10
2.503;10
2.504;10
2.505;9
2.506;10
2.507;10
2.508;10
2.509;10
2.51;10
2.511;10
2.512;10
2.513;10
2.514;9
2.515;10
2.516;10
2.517;10
2.518;10
2.519;10
2.52;9
2.521;10
2.522;10
2.523;10
2.524;10
2.525;10
2.526;10
2.527;10
2.528;10
2.529;10
2.53;10
2.531;9
2.532;10
2.533;10
2.534;10
2.535;10
2.536;10
2.537;10
2.538;10
2.539;9
2.54;11
2.541;9
2.542;10
2.543;10
2.544;10
2.545;10
2.546;10
2.547;10
2.548;10
2.549;10
2.55;10
2.551;10
2.552;10
2.553;10
2.554;10
2.555;10
2.556;9
2.557;11
2.558;9
2.559;11
2.56;9
2.561;10
2.562;10
2.563;10
2.564;10
2.565;10
2.566;10
2.567;10
2.568;10
2.569;10
2.57;10
2.571;10
2.572;10
2.573;10
2.574;10
2.575;10
2.576;9
2.577;11
2.578;9
2.579;11
2.58;9
2.581;11
2.582;9
2.583;11
2.584;9
2.585;11
2.586;9
2.587;11
2.588;9
2.589;11
2.59;9
2.591;11
2.592;9
2.593;11
2.594;9
2.595;11
2.596;9
2.597;11
2.598;9
2.599;11
2.6;9
2.601;11
2.602;10
2.603;10
2.604;10
2.605;10
2.606;9
2.607;11
2.608;10
2.609;10
2.61;10
2.611;10
2.612;10
2.613;10
2.614;10
2.615;10
2.616;10
2.617;10
2.618;10
2.619;11
2.62;9
2.621;11
2.622;9
2.623;11
2.624;10
2.625;10
2.626;10
2.627;10
2.628;10
2.629;10
2.63;10
2.631;10
2.632;10
2.633;10
2.634;10
2.635;10
2.636;10
2.637;10
2.638;11
2.639;9
2.64;11
2.641;9
2.642;11
2.643;10
2.644;10
2.645;10
2.646;10
2.647;10
2.648;11
2.649;10
2.65;10
2.651;10
2.652;10
2.653;10
2.654;10
2.655;10
2.656;10
2.657;10
2.658;10
2.659;11
2.66;9
2.661;11
2.662;10
2.663;10
2.664;10
2.665;10
2.666;10
2.667;11
2.668;10
2.669;10
2.67;10
2.671;10
2.672;10
2.673;10
2.674;11
2.675;9
2.676;11
2.677;10
2.678;10
2.679;10
2.68;11
2.681;9
2.682;11
2.683;10
2.684;10
2.685;10
2.686;10
2.687;10
2.688;10
2.689;11
2.69;10
2.691;10
2.692;10
2.693;11
2.694;10
2.695;10
2.696;10
2.697;10
2.698;10
2.699;10
2.7;11
2.701;10
2.702;10
2.703;10
2.704;11
2.705;10
2.706;10
2.707;10
2.708;10
2.709;10
2.71;10
2.711;11
2.712;10
2.713;10
2.714;11
2.715;10
2.716;10
2.717;10
2.718;10
2.719;10
2.72;11
2.721;10
2.722;10
2.723;10
2.724;11
2.725;10
2.726;10
2.727;10
2.728;10
2.729;11
2.73;10
2.731;10
2.732;11
2.733;10
2.734;10
2.735;10
2.736;10
2.737;10
2.738;11
2.739;10
2.74;11
2.741;10
2.742;10
2.743;10
2.744;10
2.745;11
2.746;10
2.747;10
2.748;11
2.749;10
2.75;10
2.751;10
2.752;11
2.753;9
2.754;11
2.755;10
2.756;11
2.757;10
2.758;10
2.759;10
2.76;10
2.761;11
2.762;10
2.763;11
2.764;10
2.765;10
2.766;10
2.767;11
2.768;10
2.769;10
2.77;11
2.771;10
2.772;10
2.773;11
2.774;10
2.775;10
2.776;10
2.777;11
2.778;10
2.779;10
2.78;11
2.781;10
2.782;10
2.783;11
2.784;10
2.785;10
2.786;10
2.787;11
2.788;10
2.789;11
2.79;10
2.791;10
2.792;11
2.793;10
2.794;10
2.795;11
2.796;10
2.797;10
2.798;10
2.799;11
2.8;10
2.801;11
2.802;10
2.803;10
2.804;11
2.805;10
2.806;11
2.807;10
2.808;10
2.809;10
2.81;11
2.811;10
2.812;11
2.813;10
2.814;10
2.815;10
2.816;11
2.817;10
2.818;11
2.819;10
2.82;10
2.821;11
2.822;10
2.823;11
2.824;10
2.825;10
2.826;11
2.827;10
2.828;11
2.829;10
2.83;10
2.831;11
2.832;10
2.833;11
2.834;10
2.835;10
2.836;11
2.837;10
2.838;11
2.839;10
2.84;10
2.841;11
2.842;10
2.843;11
2.844;10
2.845;10
2.846;11
2.847;10
2.848;11
2.849;10
2.85;10
2.851;11
2.852;10
2.853;11
2.854;10
2.855;10
2.856;11
2.857;10
2.858;11
2.859;10
2.86;11
2.861;10
2.862;11
2.863;10
2.864;11
2.865;10
2.866;11
2.867;10
2.868;10
2.869;11
2.87;10
2.871;11
2.872;10
2.873;10
2.874;11
2.875;11
2.876;10
2.877;11
2.878;10
2.879;11
2.88;10
2.881;10
2.882;11
2.883;10
2.884;11
2.885;10
2.886;10
2.887;11
2.888;11
2.889;10
2.89;11
2.891;10
2.892;11
2.893;10
2.894;10
2.895;11
2.896;11
2.897;10
2.898;11
2.899;10
2.9;11
2.901;10
2.902;10
2.903;11
2.904;11
2.905;10
2.906;11
2.907;10
2.908;11
2.909;10
2.91;10
2.911;11
2.912;11
2.913;10
2.914;11
2.915;10
2.916;11
2.917;10
2.918;11
2.919;10
2.92;11
2.921;10
2.922;11
2.923;11
2.924;10
2.925;11
2.926;10
2.927;11
2.928;10
2.929;11
2.93;10
2.931;11
2.932;10
2.933;11
2.934;11
2.935;10
2.936;11
2.937;10
2.938;11
2.939;10
2.94;11
2.941;11
2.942;10
2.943;10
2.944;11
2.945;11
2.946;10
2.947;11
2.948;10
2.949;11
2.95;11
2.951;10
2.952;11
2.953;10
2.954;11
2.955;11
2.956;10
2.957;10
2.958;11
2.959;11
2.96;10
2.961;11
2.962;11
2.963;10
2.964;11
2.965;10
2.966;11
2.967;11
2.968;10
2.969;11
2.97;10
2.971;11
2.972;11
2.973;10
2.974;11
2.975;11
2.976;10
2.977;10
2.978;12
2.979;10
2.98;10
2.981;11
2.982;11
2.983;10
2.984;11
2.985;11
2.986;10
2.987;11
2.988;10
2.989;11
2.99;11
2.991;11
2.992;10
2.993;11
2.994;10
2.995;11
2.996;11
2.997;10
2.998;11
2.999;11
3.0;10
3.001;11
3.002;11
3.003;10
3.004;11
3.005;11
3.006;10
3.007;11
3.008;11
3.009;10
3.01;11
3.011;11
3.012;10
3.013;11
3.014;11
3.015;10
3.016;11
3.017;11
3.018;10
3.019;11
3.02;11
3.021;10
3.022;11
3.023;11
3.024;11
3.025;10
3.026;11
3.027;11
3.028;10
3.029;11
3.03;11
3.031;10
3.032;11
3.033;11
3.034;10
3.035;11
3.036;11
3.037;10
3.038;11
3.039;11
3.04;10
3.041;12
3.042;10
3.043;11
3.044;11
3.045;10
3.046;11
3.047;11
3.048;10
3.049;11
3.05;11
3.051;11
3.052;10
3.053;11
3.054;11
3.055;11
3.056;10
3.057;11
3.058;11
3.059;10
3.06;11
3.061;11
3.062;10
3.063;12
3.064;10
3.065;11
3.066;11
3.067;11
3.068;10
3.069;11
3.07;11
3.071;11
3.072;10
3.073;11
3.074;11
3.075;10
3.076;12
3.077;10
3.078;11
3.079;11
3.08;10
3.081;11
3.082;11
3.083;11
3.084;11
3.085;10
3.086;11
3.087;11
3.088;11
3.089;11
3.09;10
3.091;11
3.092;11
3.093;11
3.094;10
3.095;11
3.096;11
3.097;11
3.098;11
3.099;11
3.1;10
3.101;11
3.102;11
3.103;11
3.104;11
3.105;10
3.106;11
3.107;11
3.108;11
3.109;11
3.11;10
3.111;11
3.112;11
3.113;11
3.114;11
3.115;10
3.116;12
3.117;10
3.118;11
3.119;11
3.12;11
3.121;11
3.122;10
3.123;11
3.124;11
3.125;11
3.126;11
3.127;11
3.128;10
3.129;11
3.13;11
3.131;11
3.132;11
3.133;11
3.134;11
3.135;10
3.136;11
3.137;11
3.138;11
3.139;11
3.14;11
3.141;11
3.142;11
3.143;10
3.144;11
3.145;11
3.146;11
3.147;11
3.148;11
3.149;11
3.15;10
3.151;12
3.152;10
3.153;11
3.154;11
3.155;11
3.156;11
3.157;10
3.158;12
3.159;10
3.16;11
3.161;11
3.162;11
3.163;11
3.164;11
3.165;11
3.166;11
3.167;11
3.168;10
3.169;12
3.17;10
3.171;11
3.172;11
3.173;11
3.174;11
3.175;11
3.176;11
3.177;11
3.178;11
3.179;10
3.18;12
3.181;10
3.182;11
3.183;11
3.184;11
3.185;11
3.186;11
3.187;11
3.188;11
3.189;11
3.19;10
3.191;12
3.192;11
3.193;10
3.194;11
3.195;12
3.196;10
3.197;11
3.198;11
3.199;11
3.2;11
3.201;11
3.202;11
3.203;11
3.204;11
3.205;11
3.206;11
3.207;11
3.208;11
3.209;10
3.21;12
3.211;11
3.212;11
3.213;10
3.214;12
3.215;10
3.216;11
3.217;11
3.218;12
3.219;10
3.22;11
3.221;11
3.222;11
3.223;11
3.224;11
3.225;11
3.226;11
3.227;11
3.228;11
3.229;11
3.23;11
3.231;11
3.232;11
3.233;11
3.234;11
3.235;11
3.236;11
3.237;11
3.238;11
3.239;11
3.24;11
3.241;11
3.242;11
3.243;11
3.244;11
3.245;11
3.246;11
3.247;11
3.248;11
3.249;11
3.25;12
3.251;10
3.252;11
3.253;11
3.254;12
3.255;10
3.256;12
3.257;10
3.258;12
3.259;11
3.26;11
3.261;10
3.262;12
3.263;11
3.264;11
3.265;10
3.266;12
3.267;11
3.268;11
3.269;11
3.27;11
3.271;11
3.272;11
3.273;11
3.274;11
3.275;11
3.276;11
3.277;12
3.278;10
3.279;12
3.28;11
3.281;11
3.282;10
3.283;12
3.284;11
3.285;11
3.286;11
3.287;11
3.288;11
3.289;11
3.29;11
3.291;11
3.292;12
3.293;11
3.294;11
3.295;11
3.296;11
3.297;11
3.298;11
3.299;11
3.3;11
3.301;12
3.302;10
3.303;12
3.304;10
3.305;12
3.306;11
3.307;11
3.308;11
3.309;11
3.31;12
3.311;10
3.312;12
3.313;10
3.314;12
3.315;11
3.316;11
3.317;11
3.318;11
3.319;11
3.32;11
3.321;12
3.322;11
3.323;11
3.324;11
3.325;11
3.326;11
3.327;11
3.328;12
3.329;11
3.33;11
3.331;11
3.332;11
3.333;11
3.334;11
3.335;11
3.336;11
3.337;12
3.338;11
3.339;11
3.34;11
3.341;11
3.342;12
3.343;11
3.344;11
3.345;11
3.346;11
3.347;11
3.348;11
3.349;12
3.35;11
3.351;11
3.352;11
3.353;11
3.354;11
3.355;11
3.356;12
3.357;11
3.358;11
3.359;11
3.36;11
3.361;12
3.362;11
3.363;11
3.364;11
3.365;11
3.366;12
3.367;11
3.368;11
3.369;11
3.37;11
3.371;12
3.372;11
3.373;11
3.374;11
3.375;11
3.376;12
3.377;11
3.378;11
3.379;11
3.38;11
3.381;12
3.382;11
3.383;11
3.384;11
3.385;11
3.386;12
3.387;11
3.388;11
3.389;11
3.39;11
3.391;12
3.392;11
3.393;11
3.394;11
3.395;11
3.396;12
3.397;11
3.398;11
3.399;11
3.4;11
3.401;12
3.402;11
3.403;11
3.404;12
3.405;11
3.406;11
3.407;12
3.408;11
3.409;11
3.41;11
3.411;11
3.412;12
3.413;11
3.414;11
3.415;11
3.416;11
3.417;12
3.418;11
3.419;11
3.42;12
3.421;11
3.422;11
3.423;12
3.424;11
3.425;11
3.426;11
3.427;11
3.428;12
3.429;11
3.43;11
3.431;12
3.432;11
3.433;11
3.434;12
3.435;11
3.436;11
3.437;11
3.438;11
3.439;12
3.44;11
3.441;11
3.442;12
3.443;11
3.444;11
3.445;12
3.446;11
3.447;11
3.448;11
3.449;11
3.45;12
3.451;12
3.452;11
3.453;11
3.454;11
3.455;11
3.456;12
3.457;11
3.458;11
3.459;12
3.46;11
3.461;11
3.462;12
3.463;11
3.464;11
3.465;12
3.466;11
3.467;11
3.468;12
3.469;11
3.47;11
3.471;12
3.472;11
3.473;11
3.474;12
3.475;11
3.476;11
3.477;12
3.478;11
3.479;11
3.48;12
3.481;11
3.482;11
3.483;12
3.484;11
3.485;11
3.486;12
3.487;11
3.488;12
3.489;11
3.49;11
3.491;11
3.492;12
3.493;11
3.494;12
3.495;11
3.496;11
3.497;11
3.498;12
3.499;12
3.5;11
3.501;11
3.502;12
3.503;11
3.504;11
3.505;12
3.506;11
3.507;12
3.508;11
3.509;11
3.51;11
3.511;12
3.512;12
3.513;11
3.514;11
3.515;12
3.516;11
3.517;11
3.518;12
3.519;11
3.52;12
3.521;11
3.522;11
3.523;12
3.524;11
3.525;12
3.526;11
3.527;11
3.528;12
3.529;11
3.53;11
3.531;12
3.532;12
3.533;11
3.534;11
3.535;12
3.536;11
3.537;11
3.538;12
3.539;12
3.54;11
3.541;11
3.542;12
3.543;11
3.544;11
3.545;12
3.546;12
3.547;11
3.548;11
3.549;12
3.55;11
3.551;11
3.552;12
3.553;12
3.554;11
3.555;11
3.556;12
3.557;11
3.558;11
3.559;12
3.56;12
3.561;11
3.562;11
3.563;12
3.564;11
3.565;11
3.566;12
3.567;12
3.568;11
3.569;12
3.57;11
3.571;12
3.572;11
3.573;11
3.574;12
3.575;12
3.576;11
3.577;11
3.578;12
3.579;11
3.58;11
3.581;12
3.582;12
3.583;11
3.584;12
3.585;11
3.586;12
3.587;11
3.588;11
3.589;12
3.59;11
3.591;12
3.592;11
3.593;12
3.594;11
3.595;11
3.596;12
3.597;12
3.598;11
3.599;12
3.6;11
3.601;12
3.602;11
3.603;12
3.604;11
3.605;12
3.606;11
3.607;12
3.608;11
3.609;12
3.61;11
3.611;11
3.612;12
3.613;12
3.614;12
3.615;11
3.616;11
3.617;12
3.618;11
3.619;12
3.62;11
3.621;12
3.622;12
3.623;11
3.624;12
3.625;11
3.626;11
3.627;12
3.628;11
3.629;12
3.63;12
3.631;11
3.632;12
3.633;11
3.634;12
3.635;11
3.636;12
3.637;11
3.638;12
3.639;12
3.64;11
3.641;12
3.642;11
3.643;12
3.644;11
3.645;12
3.646;11
3.647;12
3.648;12
3.649;11
3.65;12
3.651;11
3.652;12
3.653;11
3.654;11
3.655;12
3.656;12
3.657;12
3.658;11
3.659;12
3.66;11
3.661;12
3.662;11
3.663;11
3.664;12
3.665;12
3.666;12
3.667;11
3.668;12
3.669;11
3.67;12
3.671;11
3.672;12
3.673;11
3.674;12
3.675;12
3.676;12
3.677;11
3.678;12
3.679;11
3.68;12
3.681;11
3.682;12
3.683;11
3.684;12
3.685;12
3.686;11
3.687;12
3.688;12
3.689;11
3.69;12
3.691;11
3.692;12
3.693;11
3.694;12
3.695;12
3.696;12
3.697;11
3.698;12
3.699;11
3.7;12
3.701;12
3.702;11
3.703;11
3.704;12
3.705;12
3.706;12
3.707;11
3.708;12
3.709;11
3.71;12
3.711;12
3.712;11
3.713;12
3.714;11
3.715;12
3.716;12
3.717;12
3.718;11
3.719;12
3.72;11
3.721;12
3.722;12
3.723;11
3.724;12
3.725;11
3.726;12
3.727;12
3.728;12
3.729;11
3.73;12
3.731;11
3.732;12
3.733;12
3.734;11
3.735;12
3.736;11
3.737;12
3.738;12
3.739;12
3.74;11
3.741;12
3.742;12
3.743;11
3.744;12
3.745;12
3.746;11
3.747;12
3.748;11
3.749;12
3.75;12
3.751;12
3.752;12
3.753;11
3.754;12
3.755;11
3.756;12
3.757;12
3.758;11
3.759;12
3.76;11
3.761;12
3.762;12
3.763;12
3.764;12
3.765;11
3.766;12
3.767;11
3.768;12
3.769;12
3.77;11
3.771;12
3.772;11
3.773;12
3.774;12
3.775;12
3.776;12
3.777;11
3.778;12
3.779;12
3.78;11
3.781;12
3.782;12
3.783;11
3.784;12
3.785;11
3.786;12
3.787;12
3.788;12
3.789;12
3.79;11
3.791;12
3.792;12
3.793;11
3.794;12
3.795;12
3.796;11
3.797;12
3.798;11
3.799;12
3.8;12
3.801;12
3.802;12
3.803;11
3.804;12
3.805;12
3.806;11
3.807;12
3.808;12
3.809;11
3.81;12
3.811;12
3.812;11
3.813;12
3.814;12
3.815;12
3.816;11
3.817;12
3.818;12
3.819;11
3.82;12
3.821;12
3.822;11
3.823;12
3.824;12
3.825;11
3.826;12
3.827;12
3.828;12
3.829;12
3.83;11
3.831;12
3.832;12
3.833;11
3.834;12
3.835;12
3.836;11
3.837;12
3.838;12
3.839;11
3.84;12
3.841;12
3.842;12
3.843;11
3.844;12
3.845;12
3.846;12
3.847;11
3.848;12
3.849;12
3.85;11
3.851;12
3.852;12
3.853;11
3.854;12
3.855;12
3.856;12
3.857;11
3.858;12
3.859;12
3.86;12
3.861;11
3.862;12
3.863;12
3.864;11
3.865;12
3.866;12
3.867;11
3.868;12
3.869;12
3.87;12
3.871;12
3.872;11
3.873;12
3.874;12
3.875;11
3.876;12
3.877;12
3.878;11
3.879;12
3.88;12
3.881;11
3.882;12
3.883;12
3.884;12
3.885;12
3.886;11
3.887;12
3.888;12
3.889;11
3.89;12
3.891;12
3.892;12
3.893;11
3.894;12
3.895;11
3.896;12
3.897;12
3.898;12
3.899;12
3.9;11
3.901;12
3.902;12
3.903;11
3.904;12
3.905;12
3.906;12
3.907;11
3.908;12
3.909;11
3.91;12
3.911;12
3.912;12
3.913;12
3.914;11
3.915;12
3.916;12
3.917;12
3.918;11
3.919;12
3.92;12
3.921;12
3.922;11
3.923;12
3.924;11
3.925;12
3.926;12
3.927;12
3.928;12
3.929;11
3.93;12
3.931;12
3.932;11
3.933;12
3.934;12
3.935;12
3.936;11
3.937;12
3.938;12
3.939;11
3.94;12
3.941;12
3.942;12
3.943;12
3.944;11
3.945;12
3.946;12
3.947;11
3.948;12
3.949;12
3.95;11
3.951;12
3.952;12
3.953;12
3.954;11
3.955;12
3.956;12
3.957;12
3.958;12
3.959;11
3.96;12
3.961;12
3.962;11
3.963;12
3.964;12
3.965;11
3.966;12
3.967;12
3.968;11
3.969;12
3.97;12
3.971;12
3.972;12
3.973;12
3.974;11
3.975;12
3.976;12
3.977;11
3.978;12
3.979;12
3.98;11
3.981;12
3.982;12
3.983;11
3.984;12
3.985;12
3.986;12
3.987;12
3.988;11
3.989;12
3.99;12
3.991;12
3.992;11
3.993;12
3.994;12
3.995;11
3.996;12
3.997;12
3.998;11
3.999;12
4.0;12
4.001;12
4.002;12
4.003;12
4.004;11
4.005;12
4.006;12
4.007;11
4.008;12
4.009;12
4.01;11
4.011;12
4.012;12
4.013;11
4.014;12
4.015;12
4.016;12
4.017;12
4.018;12
4.019;11
4.02;12
4.021;12
4.022;11
4.023;12
4.024;12
4.025;11
4.026;12
4.027;12
4.028;11
4.029;12
4.03;12
4.031;12
4.032;12
4.033;12
4.034;11
4.035;12
4.036;12
4.037;11
4.038;12
4.039;12
4.04;12
4.041;11
4.042;12
4.043;11
4.044;12
4.045;12
4.046;12
4.047;12
4.048;12
4.049;11
4.05;12
4.051;12
4.052;11
4.053;12
4.054;12
4.055;12
4.056;11
4.057;12
4.058;11
4.059;12
4.06;12
4.061;12
4.062;12
4.063;12
4.064;11
4.065;12
4.066;12
4.067;11
4.068;12
4.069;12
4.07;12
4.071;11
4.072;12
4.073;11
4.074;12
4.075;12
4.076;12
4.077;12
4.078;12
4.079;11
4.08;12
4.081;12
4.082;11
4.083;12
4.084;12
4.085;12
4.086;11
4.087;12
4.088;12
4.089;11
4.09;12
4.091;12
4.092;12
4.093;12
4.094;11
4.095;12
4.096;12
4.097;12
4.098;11
4.099;12
4.1;12
4.101;11
4.102;12
4.103;12
4.104;11
4.105;12
4.106;12
4.107;12
4.108;12
4.109;11
4.11;12
4.111;12
4.112;12
4.113;11
4.114;12
4.115;12
4.116;12
4.117;11
4.118;12
4.119;11
4.12;12
4.121;12
4.122;12
4.123;12
4.124;12
4.125;11
4.126;12
4.127;12
4.128;11
4.129;12
4.13;12
4.131;12
4.132;11
4.133;12
4.134;12
4.135;11
4.136;12
4.137;12
4.138;12
4.139;12
4.14;11
4.141;12
4.142;12
4.143;12
4.144;11
4.145;12
4.146;12
4.147;12
4.148;11
4.149;12
4.15;11
4.151;12
4.152;12
4.153;12
4.154;12
4.155;12
4.156;11
4.157;12
4.158;12
4.159;11
4.16;12
4.161;12
4.162;12
4.163;11
4.164;12
4.165;12
4.166;11
4.167;12
4.168;12
4.169;12
4.17;12
4.171;11
4.172;12
4.173;12
4.174;12
4.175;11
4.176;12
4.177;12
4.178;12
4.179;11
4.18;12
4.181;11
4.182;12
4.183;12
4.184;12
4.185;12
4.186;12
4.187;11
4.188;12
4.189;12
4.19;11
4.191;12
4.192;12
4.193;12
4.194;11
4.195;12
4.196;12
4.197;11
4.198;12
4.199;12
4.2;12
4.201;12
4.202;11
4.203;12
4.204;12
4.205;11
4.206;12
4.207;12
4.208;12
4.209;11
4.21;12
4.211;12
4.212;11
4.213;12
4.214;12
4.215;12
4.216;12
4.217;12
4.218;11
4.219;12
4.22;12
4.221;11
4.222;12
4.223;12
4.224;12
4.225;11
4.226;12
4.227;11
4.228;12
4.229;12
4.23;12
4.231;12
4.232;12
4.233;11
4.234;12
4.235;12
4.236;11
4.237;12
4.238;12
4.239;12
4.24;11
4.241;12
4.242;11
4.243;12
4.244;12
4.245;12
4.246;12
4.247;12
4.248;11
4.249;12
4.25;12
4.251;11
4.252;12
4.253;12
4.254;12
4.255;11
4.256;12
4.257;12
4.258;11
4.259;12
4.26;12
4.261;12
4.262;12
4.263;11
4.264;12
4.265;12
4.266;12
4.267;11
4.268;12
4.269;12
4.27;12
4.271;11
4.272;12
4.273;11
4.274;12
4.275;12
4.276;12
4.277;12
4.278;11
4.279;12
4.28;12
4.281;12
4.282;11
4.283;12
4.284;12
4.285;12
4.286;11
4.287;12
4.288;11
4.289;12
4.29;12
4.291;12
4.292;12
4.293;12
4.294;11
4.295;12
4.296;12
4.297;11
4.298;12
4.299;12
4.3;12
4.301;11
4.302;12
4.303;11
4.304;12
4.305;12
4.306;12
4.307;12
4.308;12
4.309;11
4.31;12
4.311;12
4.312;11
4.313;12
4.314;12
4.315;12
4.316;11
4.317;12
4.318;12
4.319;11
4.32;12
4.321;12
4.322;12
4.323;12
4.324;11
4.325;12
4.326;12
4.327;12
4.328;11
4.329;12
4.33;12
4.331;12
4.332;11
4.333;12
4.334;11
4.335;12
4.336;12
4.337;12
4.338;12
4.339;12
4.34;11
4.341;12
4.342;12
4.343;11
4.344;12
4.345;12
4.346;12
4.347;11
4.348;12
4.349;12
4.35;11
4.351;12
4.352;12
4.353;12
4.354;12
4.355;12
4.356;11
4.357;12
4.358;12
4.359;11
4.36;12
4.361;12
4.362;12
4.363;11
4.364;12
4.365;11
4.366;12
4.367;12
4.368;12
4.369;12
4.37;12
4.371;11
4.372;12
4.373;12
4.374;11
4.375;12
4.376;12
4.377;12
4.378;11
4.379;12
4.38;12
4.381;11
4.382;12
4.383;12
4.384;12
4.385;12
4.386;12
4.387;11
4.388;12
4.389;12
4.39;11
4.391;12
4.392;12
4.393;12
4.394;11
4.395;12
4.396;11
4.397;12
4.398;12
4.399;12
4.4;12
4.401;12
4.402;11
4.403;12
4.404;12
4.405;11
4.406;12
4.407;12
4.408;12
4.409;11
4.41;12
4.411;12
4.412;11
4.413;12
4.414;12
4.415;12
4.416;12
4.417;12
4.418;11
4.419;12
4.42;12
4.421;11
4.422;12
4.423;12
4.424;11
4.425;12
4.426;12
4.427;11
4.428;12
4.429;12
4.43;12
4.431;12
4.432;12
4.433;11
4.434;12
4.435;12
4.436;11
4.437;12
4.438;12
4.439;12
4.44;11
4.441;12
4.442;11
4.443;12
4.444;12
4.445;12
4.446;12
4.447;12
4.448;11
4.449;12
4.45;12
4.451;11
4.452;12
4.453;12
4.454;12
4.455;11
4.456;12
4.457;12
4.458;11
4.459;12
4.46;12
4.461;12
4.462;12
4.463;12
4.464;11
4.465;12
4.466;12
4.467;11
4.468;12
4.469;12
4.47;12
4.471;11
4.472;12
4.473;12
4.474;11
4.475;12
4.476;12
4.477;12
4.478;12
4.479;12
4.48;11
4.481;12
4.482;12
4.483;11
4.484;12
4.485;12
4.486;12
4.487;11
4.488;12
4.489;12
4.49;11
4.491;12
4.492;12
4.493;12
4.494;12
4.495;11
4.496;12
4.497;12
4.498;12
4.499;11
4.5;12
4.501;12
4.502;11
4.503;12
4.504;12
4.505;12
4.506;11
4.507;12
4.508;12
4.509;12
4.51;12
4.511;11
4.512;12
4.513;12
4.514;11
4.515;12
4.516;12
4.517;12
4.518;11
4.519;12
4.52;12
4.521;12
4.522;11
4.523;12
4.524;12
4.525;12
4.526;12
4.527;11
4.528;12
4.529;12
4.53;11
4.531;12
4.532;12
4.533;12
4.534;11
4.535;12
4.536;12
4.537;11
4.538;12
4.539;12
4.54;12
4.541;12
4.542;11
4.543;12
4.544;12
4.545;12
4.546;11
4.547;12
4.548;12
4.549;12
4.55;11
4.551;12
4.552;12
4.553;11
4.554;12
4.555;12
4.556;12
4.557;12
4.558;11
4.559;12
4.56;12
4.561;12
4.562;11
4.563;12
4.564;12
4.565;12
4.566;11
4.567;12
4.568;11
4.569;12
4.57;12
4.571;12
4.572;12
4.573;12
4.574;11
4.575;12
4.576;12
4.577;11
4.578;12
4.579;12
4.58;12
4.581;12
4.582;11
4.583;12
4.584;11
4.585;12
4.586;12
4.587;12
4.588;12
4.589;11
4.59;12
4.591;12
4.592;12
4.593;11
4.594;12
4.595;12
4.596;12
4.597;11
4.598;12
4.599;12
4.6;11
4.601;12
4.602;12
4.603;12
4.604;12
4.605;11
4.606;12
4.607;12
4.608;12
4.609;11
4.61;12
4.611;12
4.612;12
4.613;11
4.614;12
4.615;11
4.616;12
4.617;12
4.618;12
4.619;12
4.62;12
4.621;11
4.622;12
4.623;12
4.624;11
4.625;12
4.626;12
4.627;12
4.628;11
4.629;12
4.63;12
4.631;11
4.632;12
4.633;12
4.634;12
4.635;12
4.636;12
4.637;11
4.638;12
4.639;12
4.64;11
4.641;12
4.642;12
4.643;12
4.644;11
4.645;12
4.646;11
4.647;12
4.648;12
4.649;12
4.65;12
4.651;12
4.652;11
4.653;12
4.654;12
4.655;12
4.656;11
4.657;12
4.658;12
4.659;11
4.66;12
4.661;12
4.662;11
4.663;12
4.664;12
4.665;12
4.666;12
4.667;12
4.668;11
4.669;12
4.67;12
4.671;11
4.672;12
4.673;12
4.674;12
4.675;11
4.676;12
4.677;11
4.678;12
4.679;12
4.68;12
4.681;12
4.682;12
4.683;11
4.684;12
4.685;12
4.686;11
4.687;12
4.688;12
4.689;12
4.69;11
4.691;12
4.692;12
4.693;11
4.694;12
4.695;12
4.696;12
4.697;12
4.698;12
4.699;11
4.7;12
4.701;12
4.702;11
4.703;12
4.704;12
4.705;12
4.706;11
4.707;12
4.708;12
4.709;11
4.71;12
4.711;12
4.712;12
4.713;12
4.714;11
4.715;12
4.716;12
4.717;11
4.718;12
4.719;12
4.72;12
4.721;11
4.722;12
4.723;12
4.724;11
4.725;12
4.726;12
4.727;12
4.728;12
4.729;12
4.73;11
4.731;12
4.732;12
4.733;11
4.734;12
4.735;12
4.736;12
4.737;11
4.738;12
4.739;12
4.74;11
4.741;12
4.742;12
4.743;12
4.744;12
4.745;11
4.746;12
4.747;12
4.748;11
4.749;12
4.75;12
4.751;12
4.752;11
4.753;12
4.754;12
4.755;11
4.756;12
4.757;12
4.758;12
4.759;12
4.76;12
4.761;11
4.762;12
4.763;12
4.764;11
4.765;12
4.766;12
4.767;11
4.768;12
4.769;12
4.77;12
4.771;11
4.772;12
4.773;12
4.774;12
4.775;12
4.776;11
4.777;12
4.778;12
4.779;11
4.78;12
4.781;12
4.782;12
4.783;11
4.784;12
4.785;11
4.786;12
4.787;12
4.788;12
4.789;12
4.79;12
4.791;11
4.792;12
4.793;12
4.794;11
4.795;12
4.796;12
4.797;12
4.798;11
4.799;12
4.8;12
4.801;11
4.802;12
4.803;12
4.804;12
4.805;12
4.806;11
4.807;12
4.808;12
4.809;11
4.81;12
4.811;12
4.812;12
4.813;11
4.814;12
4.815;11
4.816;12
4.817;12
4.818;12
4.819;12
4.82;12
4.821;11
4.822;12
4.823;12
4.824;11
4.825;12
4.826;12
4.827;12
4.828;11
4.829;12
4.83;12
4.831;11
4.832;12
4.833;12
4.834;12
4.835;12
4.836;12
4.837;11
4.838;12
4.839;12
4.84;11
4.841;12
4.842;12
4.843;11
4.844;12
4.845;12
4.846;11
4.847;12
4.848;12
4.849;12
4.85;12
4.851;12
4.852;11
4.853;12
4.854;12
4.855;11
4.856;12
4.857;12
4.858;12
4.859;11
4.86;12
4.861;11
4.862;12
4.863;12
4.864;12
4.865;12
4.866;12
4.867;11
4.868;12
4.869;12
4.87;11
4.871;12
4.872;12
4.873;12
4.874;11
4.875;12
4.876;11
4.877;12
4.878;12
4.879;12
4.88;12
4.881;11
4.882;12
4.883;12
4.884;12
4.885;11
4.886;12
4.887;12
4.888;12
4.889;11
4.89;12
4.891;11
4.892;12
4.893;12
4.894;12
4.895;12
4.896;11
4.897;12
4.898;12
4.899;12
4.9;11
4.901;12
4.902;12
4.903;12
4.904;11
4.905;12
4.906;11
4.907;12
4.908;12
4.909;12
4.91;12
4.911;11
4.912;12
4.913;12
4.914;12
4.915;11
4.916;12
4.917;12
4.918;12
4.919;11
4.92;12
4.921;11
4.922;12
4.923;12
4.924;12
4.925;12
4.926;11
4.927;12
4.928;12
4.929;12
4.93;11
4.931;12
4.932;12
4.933;11
4.934;12
4.935;12
4.936;11
4.937;12
4.938;12
4.939;12
4.94;12
4.941;11
4.942;12
4.943;12
4.944;11
4.945;12
4.946;12
4.947;12
4.948;11
4.949;12
4.95;12
4.951;11
4.952;12
4.953;12
4.954;12
4.955;12
4.956;11
4.957;12
4.958;12
4.959;11
4.96;12
4.961;12
4.962;12
4.963;11
4.964;12
4.965;12
4.966;11
4.967;12
4.968;12
4.969;12
4.97;12
4.971;11
4.972;12
4.973;12
4.974;11
4.975;12
4.976;12
4.977;12
4.978;11
4.979;12
4.98;12
4.981;11
4.982;12
4.983;12
4.984;12
4.985;12
4.986;11
4.987;12
4.988;12
4.989;11
4.99;12
4.991;12
4.992;12
4.993;11
4.994;12
4.995;12
4.996;11
4.997;12
4.998;12
4.999;12
5.0;12
5.001;11
5.002;12
5.003;12
5.004;11
5.005;12
5.006;12
5.007;12
5.008;11
5.009;12
5.01;12
5.011;11
5.012;12
5.013;12
5.014;12
5.015;12
5.016;11
5.017;12
5.018;12
5.019;12
5.02;11
5.021;12
5.022;12
5.023;11
5.024;12
5.025;12
5.026;11
5.027;12
5.028;12
5.029;12
5.03;12
5.031;12
5.032;11
5.033;12
5.034;12
5.035;11
5.036;12
5.037;12
5.038;11
5.039;12
5.04;12
5.041;12
5.042;11
5.043;12
5.044;12
5.045;12
5.046;12
5.047;11
5.048;12
5.049;12
5.05;11
5.051;12
5.052;12
5.053;12
5.054;11
5.055;12
5.056;12
5.057;11
5.058;12
5.059;12
5.06;12
5.061;12
5.062;11
5.063;12
5.064;12
5.065;12
5.066;11
5.067;12
5.068;12
5.069;11
5.07;12
5.071;12
5.072;11
5.073;12
5.074;12
5.075;12
5.076;12
5.077;12
5.078;11
5.079;12
5.08;12
5.081;11
5.082;12
5.083;12
5.084;12
5.085;11
5.086;12
5.087;12
5.088;11
5.089;12
5.09;12
5.091;12
5.092;12
5.093;11
5.094;12
5.095;12
5.096;11
5.097;12
5.098;12
5.099;12
5.1;11
5.101;12
5.102;12
5.103;11
5.104;12
5.105;12
5.106;12
5.107;12
5.108;12
5.109;11
5.11;12
5.111;12
5.112;11
5.113;12
5.114;12
5.115;11
5.116;12
5.117;12
5.118;12
5.119;11
5.12;12
5.121;12
5.122;12
5.123;12
5.124;11
5.125;12
5.126;12
5.127;11
5.128;12
5.129;12
5.13;12
5.131;11
5.132;12
5.133;12
5.134;11
5.135;12
5.136;12
5.137;12
5.138;12
5.139;11
5.14;12
5.141;12
5.142;11
5.143;12
5.144;12
5.145;12
5.146;11
5.147;12
5.148;12
5.149;12
5.15;11
5.151;12
5.152;12
5.153;12
5.154;12
5.155;11
5.156;12
5.157;12
5.158;11
5.159;12
5.16;12
5.161;12
5.162;11
5.163;12
5.164;12
5.165;11
5.166;12
5.167;12
5.168;12
5.169;12
5.17;11
5.171;12
5.172;12
5.173;11
5.174;12
5.175;12
5.176;12
5.177;11
5.178;12
5.179;12
5.18;11
5.181;12
5.182;12
5.183;12
5.184;12
5.185;11
5.186;12
5.187;12
5.188;11
5.189;12
5.19;12
5.191;12
5.192;11
5.193;12
5.194;12
5.195;11
5.196;12
5.197;12
5.198;12
5.199;12
5.2;12
5.201;11
5.202;12
5.203;12
5.204;11
5.205;12
5.206;12
5.207;11
5.208;12
5.209;12
5.21;11
5.211;12
5.212;12
5.213;12
5.214;12
5.215;12
5.216;11
5.217;12
5.218;12
5.219;11
5.22;12
5.221;12
5.222;11
5.223;12
5.224;12
5.225;12
5.226;11
5.227;12
5.228;12
5.229;12
5.23;12
5.231;11
5.232;12
5.233;12
5.234;11
5.235;12
5.236;12
5.237;12
5.238;11
5.239;12
5.24;11
5.241;12
5.242;12
5.243;12
5.244;12
5.245;12
5.246;11
5.247;12
5.248;12
5.249;11
5.25;12
5.251;12
5.252;12
5.253;11
5.254;12
5.255;12
5.256;11
5.257;12
5.258;12
5.259;12
5.26;12
5.261;11
5.262;12
5.263;12
5.264;11
5.265;12
5.266;12
5.267;12
5.268;11
5.269;12
5.27;11
5.271;12
5.272;12
5.273;12
5.274;12
5.275;12
5.276;11
5.277;12
5.278;12
5.279;11
5.28;12
5.281;12
5.282;12
5.283;11
5.284;12
5.285;11
5.286;12
5.287;12
5.288;12
5.289;12
5.29;12
5.291;11
5.292;12
5.293;12
5.294;11
5.295;12
5.296;12
5.297;12
5.298;11
5.299;12
5.3;11
5.301;12
5.302;12
5.303;12
5.304;12
5.305;12
5.306;11
5.307;12
5.308;12
5.309;11
5.31;12
5.311;12
5.312;12
5.313;11
5.314;12
5.315;11
5.316;12
5.317;12
5.318;12
5.319;12
5.32;12
5.321;11
5.322;12
5.323;12
5.324;11
5.325;12
5.326;12
5.327;12
5.328;11
5.329;12
5.33;12
5.331;11
5.332;12
5.333;12
5.334;12
5.335;11
5.336;12
5.337;12
5.338;12
5.339;11
5.34;12
5.341;12
5.342;12
5.343;11
5.344;12
5.345;12
5.346;11
5.347;12
5.348;12
5.349;12
5.35;12
5.351;11
5.352;12
5.353;12
5.354;11
5.355;12
5.356;12
5.357;12
5.358;11
5.359;12
5.36;12
5.361;11
5.362;12
5.363;12
5.364;12
5.365;12
5.366;11
5.367;12
5.368;12
5.369;11
5.37;12
5.371;12
5.372;12
5.373;11
5.374;12
5.375;12
5.376;11
5.377;12
5.378;12
5.379;12
5.38;12
5.381;11
5.382;12
5.383;12
5.384;11
5.385;12
5.386;12
5.387;12
5.388;11
5.389;12
5.39;12
5.391;11
5.392;12
5.393;12
5.394;12
5.395;12
5.396;11
5.397;12
5.398;12
5.399;12
5.4;11
5.401;12
5.402;12
5.403;11
5.404;12
5.405;12
5.406;11
5.407;12
5.408;12
5.409;12
5.41;12
5.411;11
5.412;12
5.413;12
5.414;11
5.415;12
5.416;12
5.417;12
5.418;12
5.419;11
5.42;12
5.421;11
5.422;12
5.423;12
5.424;12
5.425;12
5.426;11
5.427;12
5.428;12
5.429;12
5.43;11
5.431;12
5.432;12
5.433;11
5.434;12
5.435;12
5.436;12
5.437;11
5.438;12
5.439;12
5.44;12
5.441;12
5.442;11
5.443;12
5.444;12
5.445;11
5.446;12
5.447;12
5.448;12
5.449;11
5.45;12
5.451;12
5.452;11
5.453;12
5.454;12
5.455;12
5.456;12
5.457;11
5.458;12
5.459;12
5.46;11
5.461;12
5.462;12
5.463;12
5.464;11
5.465;12
5.466;12
5.467;11
5.468;12
5.469;12
5.47;12
5.471;12
5.472;11
5.473;12
5.474;12
5.475;11
5.476;12
5.477;12
5.478;12
5.479;11
5.48;12
5.481;12
5.482;11
5.483;12
5.484;12
5.485;12
5.486;12
5.487;12
5.488;11
5.489;12
5.49;12
5.491;11
5.492;12
5.493;12
5.494;12
5.495;11
5.496;12
5.497;12
5.498;11
5.499;12
5.5;12
5.501;12
5.502;12
5.503;11
5.504;12
5.505;12
5.506;11
5.507;12
5.508;12
5.509;12
5.51;11
5.511;12
5.512;12
5.513;11
5.514;12
5.515;12
5.516;12
5.517;12
5.518;11
5.519;12
5.52;12
5.521;11
5.522;12
5.523;12
5.524;12
5.525;11
5.526;12
5.527;12
5.528;12
5.529;11
5.53;12
5.531;12
5.532;12
5.533;12
5.534;11
5.535;12
5.536;12
5.537;11
5.538;12
5.539;12
5.54;12
5.541;11
5.542;12
5.543;12
5.544;11
5.545;12
5.546;12
5.547;12
5.548;12
5.549;11
5.55;12
5.551;12
5.552;12
5.553;11
5.554;12
5.555;12
5.556;12
5.557;11
5.558;12
5.559;11
5.56;12
5.561;12
5.562;12
5.563;12
5.564;12
5.565;11
5.566;12
5.567;12
5.568;11
5.569;12
5.57;12
5.571;12
5.572;11
5.573;12
5.574;12
5.575;11
5.576;12
5.577;12
5.578;12
5.579;12
5.58;11
5.581;12
5.582;12
5.583;12
5.584;11
5.585;12
5.586;12
5.587;12
5.588;11
5.589;12
5.59;12
5.591;11
5.592;12
5.593;12
5.594;12
5.595;12
5.596;11
5.597;12
5.598;12
5.599;12
5.6;11
5.601;12
5.602;12
5.603;12
5.604;11
5.605;12
5.606;11
5.607;12
5.608;12
5.609;12
5.61;12
5.611;11
5.612;12
5.613;12
5.614;12
5.615;11
5.616;12
5.617;12
5.618;12
5.619;11
5.62;12
5.621;12
5.622;11
5.623;12
5.624;12
5.625;12
5.626;12
5.627;11
5.628;12
5.629;12
5.63;11
5.631;12
5.632;12
5.633;12
5.634;11
5.635;12
5.636;12
5.637;11
5.638;12
5.639;12
5.64;12
5.641;12
5.642;11
5.643;12
5.644;12
5.645;12
5.646;11
5.647;12
5.648;12
5.649;11
5.65;12
5.651;12
5.652;11
5.653;12
5.654;12
5.655;12
5.656;12
5.657;11
5.658;12
5.659;12
5.66;12
5.661;11
5.662;12
5.663;12
5.664;12
5.665;11
5.666;12
5.667;11
5.668;12
5.669;12
5.67;12
5.671;12
5.672;11
5.673;12
5.674;12
5.675;12
5.676;11
5.677;12
5.678;12
5.679;12
5.68;11
5.681;12
5.682;11
5.683;12
5.684;12
5.685;12
5.686;12
5.687;11
5.688;12
5.689;12
5.69;12
5.691;11
5.692;12
5.693;12
5.694;12
5.695;11
5.696;12
5.697;11
5.698;12
5.699;12
5.7;12
5.701;12
5.702;12
5.703;11
5.704;12
5.705;12
5.706;11
5.707;12
5.708;12
5.709;12
5.71;11
5.711;12
5.712;12
5.713;11
5.714;12
5.715;12
5.716;12
5.717;12
5.718;11
5.719;12
5.72;12
5.721;11
5.722;12
5.723;12
5.724;12
5.725;11
5.726;12
5.727;12
5.728;11
5.729;12
5.73;12
5.731;12
5.732;12
5.733;11
5.734;12
5.735;12
5.736;11
5.737;12
5.738;12
5.739;12
5.74;11
5.741;12
5.742;12
5.743;11
5.744;12
5.745;12
5.746;12
5.747;12
5.748;11
5.749;12
5.75;12
5.751;11
5.752;12
5.753;12
5.754;12
5.755;11
5.756;12
5.757;12
5.758;11
5.759;12
5.76;12
5.761;12
5.762;12
5.763;11
5.764;12
5.765;12
5.766;11
5.767;12
5.768;12
5.769;12
5.77;11
5.771;12
5.772;12
5.773;11
5.774;12
5.775;12
5.776;12
5.777;12
5.778;11
5.779;12
5.78;12
5.781;11
5.782;12
5.783;12
5.784;12
5.785;11
5.786;12
5.787;11
5.788;12
5.789;12
5.79;12
5.791;12
5.792;12
5.793;11
5.794;12
5.795;12
5.796;11
5.797;12
5.798;12
5.799;12
5.8;11
5.801;12
5.802;11
5.803;12
5.804;12
5.805;12
5.806;12
5.807;12
5.808;11
5.809;12
5.81;12
5.811;11
5.812;12
5.813;12
5.814;11
5.815;12
5.816;12
5.817;11
5.818;12
5.819;12
5.82;12
5.821;12
5.822;11
5.823;12
5.824;12
5.825;12
5.826;11
5.827;12
5.828;12
5.829;11
5.83;12
5.831;12
5.832;11
5.833;12
5.834;12
5.835;12
5.836;12
5.837;11
5.838;12
5.839;12
5.84;11
5.841;12
5.842;12
5.843;12
5.844;11
5.845;12
5.846;12
5.847;11
5.848;12
5.849;12
5.85;12
5.851;12
5.852;11
5.853;12
5.854;12
5.855;11
5.856;12
5.857;12
5.858;12
5.859;11
5.86;12
5.861;11
5.862;12
5.863;12
5.864;12
5.865;12
5.866;11
5.867;12
5.868;12
5.869;11
5.87;12
5.871;12
5.872;12
5.873;11
5.874;12
5.875;12
5.876;11
5.877;12
5.878;12
5.879;12
5.88;12
5.881;11
5.882;12
5.883;12
5.884;11
5.885;12
5.886;12
5.887;12
5.888;11
5.889;12
5.89;12
5.891;11
5.892;12
5.893;12
5.894;12
5.895;12
5.896;11
5.897;12
5.898;12
5.899;11
5.9;12
5.901;12
5.902;12
5.903;11
5.904;12
5.905;12
5.906;11
5.907;12
5.908;12
5.909;12
5.91;12
5.911;11
5.912;12
5.913;12
5.914;11
5.915;12
5.916;12
5.917;11
5.918;12
5.919;12
5.92;11
5.921;12
5.922;12
5.923;12
5.924;12
5.925;12
5.926;11
5.927;12
5.928;12
5.929;11
5.93;12
5.931;12
5.932;11
5.933;12
5.934;12
5.935;11
5.936;12
5.937;12
5.938;12
5.939;12
5.94;12
5.941;11
5.942;12
5.943;11
5.944;12
5.945;12
5.946;12
5.947;11
5.948;12
5.949;12
5.95;11
5.951;12
5.952;12
5.953;12
5.954;12
5.955;11
5.956;12
5.957;12
5.958;11
5.959;12
5.96;12
5.961;12
5.962;11
5.963;12
5.964;12
5.965;11
5.966;12
5.967;12
5.968;12
5.969;12
5.97;11
5.971;12
5.972;12
5.973;11
5.974;12
5.975;12
5.976;12
5.977;11
5.978;12
5.979;12
5.98;11
5.981;12
5.982;12
5.983;12
5.984;12
5.985;11
5.986;12
5.987;12
5.988;11
5.989;12
5.99;12
5.991;12
5.992;11
5.993;12
5.994;12
5.995;11
5.996;12
5.997;12
5.998;12
5.999;11
6.0;12
6.001;12
6.002;12
6.003;11
6.004;12
6.005;12
6.006;12
6.007;11
6.008;12
6.009;11
6.01;12
6.011;12
6.012;12
6.013;12
6.014;11
6.015;12
6.016;12
6.017;11
6.018;12
6.019;12
6.02;12
6.021;11
6.022;12
6.023;12
6.024;11
6.025;12
6.026;12
6.027;12
6.028;12
6.029;11
6.03;12
6.031;12
6.032;11
6.033;12
6.034;12
6.035;12
6.036;11
6.037;12
6.038;12
6.039;11
6.04;12
6.041;12
6.042;12
6.043;12
6.044;11
6.045;12
6.046;12
6.047;11
6.048;12
6.049;12
6.05;11
6.051;12
6.052;12
6.053;11
6.054;12
6.055;12
6.056;12
6.057;12
6.058;12
6.059;11
6.06;12
6.061;12
6.062;11
6.063;12
6.064;12
6.065;11
6.066;12
6.067;12
6.068;11
6.069;12
6.07;12
6.071;12
6.072;12
6.073;11
6.074;12
6.075;12
6.076;11
6.077;12
6.078;12
6.079;12
6.08;11
6.081;12
6.082;11
6.083;12
6.084;12
6.085;12
6.086;12
6.087;11
6.088;12
6.089;12
6.09;12
6.091;11
6.092;12
6.093;12
6.094;11
6.095;12
6.096;12
6.097;11
6.098;12
6.099;12
6.1;12
6.101;12
6.102;11
6.103;12
6.104;12
6.105;11
6.106;12
6.107;12
6.108;12
6.109;11
6.11;12
6.111;12
6.112;11
6.113;12
6.114;12
6.115;12
6.116;12
6.117;11
6.118;12
6.119;12
6.12;11
6.121;12
6.122;12
6.123;11
6.124;12
6.125;12
6.126;11
6.127;12
6.128;12
6.129;12
6.13;12
6.131;11
6.132;12
6.133;12
6.134;11
6.135;12
6.136;12
6.137;12
6.138;11
6.139;12
6.14;11
6.141;12
6.142;12
6.143;12
6.144;12
6.145;12
6.146;11
6.147;12
6.148;12
6.149;11
6.15;12
6.151;12
6.152;12
6.153;11
6.154;12
6.155;11
6.156;12
6.157;12
6.158;12
6.159;12
6.16;12
6.161;11
6.162;12
6.163;11
6.164;12
6.165;12
6.166;12
6.167;11
6.168;12
6.169;12
6.17;11
6.171;12
6.172;12
6.173;12
6.174;12
6.175;11
6.176;12
6.177;12
6.178;11
6.179;12
6.18;12
6.181;12
6.182;11
6.183;12
6.184;12
6.185;11
6.186;12
6.187;12
6.188;12
6.189;12
6.19;11
6.191;12
6.192;12
6.193;11
6.194;12
6.195;12
6.196;12
6.197;11
6.198;12
6.199;12
6.2;11
6.201;12
6.202;12
6.203;12
6.204;12
6.205;11
6.206;12
6.207;12
6.208;11
6.209;12
6.21;12
6.211;12
6.212;11
6.213;12
6.214;12
6.215;11
6.216;12
6.217;12
6.218;12
6.219;11
6.22;12
6.221;12
6.222;12
6.223;11
6.224;12
6.225;12
6.226;12
6.227;11
6.228;12
6.229;11
6.23;12
6.231;12
6.232;12
6.233;12
6.234;11
6.235;12
6.236;12
6.237;12
6.238;11
6.239;12
6.24;12
6.241;11
6.242;12
6.243;12
6.244;12
6.245;11
6.246;12
6.247;12
6.248;12
6.249;12
6.25;11
6.251;12
6.252;12
6.253;11
6.254;12
6.255;12
6.256;11
6.257;12
6.258;12
6.259;11
6.26;12
6.261;12
6.262;12
6.263;12
6.264;11
6.265;12
6.266;12
6.267;11
6.268;12
6.269;12
6.27;12
6.271;11
6.272;12
6.273;12
6.274;12
6.275;11
6.276;12
6.277;12
6.278;12
6.279;12
6.28;11
6.281;12
6.282;12
6.283;11
6.284;12
6.285;12
6.286;12
6.287;11
6.288;12
6.289;12
6.29;11
6.291;12
6.292;12
6.293;12
6.294;12
6.295;11
6.296;12
6.297;12
6.298;11
6.299;12
6.3;12
6.301;12
6.302;11
6.303;12
6.304;12
6.305;11
6.306;12
6.307;12
6.308;12
6.309;12
6.31;11
6.311;12
6.312;12
6.313;11
6.314;12
6.315;12
6.316;12
6.317;11
6.318;12
6.319;12
6.32;11
6.321;12
6.322;12
6.323;12
6.324;12
6.325;11
6.326;12
6.327;12
6.328;11
6.329;12
6.33;12
6.331;12
6.332;11
6.333;12
6.334;12
6.335;11
6.336;12
6.337;12
6.338;12
6.339;12
6.34;12
6.341;11
6.342;12
6.343;12
6.344;11
6.345;12
6.346;12
6.347;11
6.348;12
6.349;12
6.35;11
6.351;12
6.352;12
6.353;12
6.354;12
6.355;12
6.356;11
6.357;12
6.358;12
6.359;11
6.36;12
6.361;12
6.362;11
6.363;12
6.364;12
6.365;11
6.366;12
6.367;12
6.368;12
6.369;12
6.37;12
6.371;11
6.372;12
6.373;12
6.374;11
6.375;12
6.376;12
6.377;12
6.378;11
6.379;12
6.38;12
6.381;11
6.382;12
6.383;12
6.384;12
6.385;12
6.386;11
6.387;12
6.388;12
6.389;11
6.39;12
6.391;12
6.392;12
6.393;11
6.394;12
6.395;11
6.396;12
6.397;12
6.398;12
6.399;12
6.4;12
6.401;11
6.402;12
6.403;12
6.404;11
6.405;12
6.406;12
6.407;12
6.408;11
6.409;12
6.41;12
6.411;11
6.412;12
6.413;12
6.414;12
6.415;12
6.416;11
6.417;12
6.418;12
6.419;12
6.42;11
6.421;12
6.422;12
6.423;11
6.424;12
6.425;12
6.426;11
6.427;12
6.428;12
6.429;12
6.43;12
6.431;11
6.432;12
6.433;12
6.434;11
6.435;12
6.436;12
6.437;12
6.438;11
6.439;12
6.44;12
6.441;11
6.442;12
6.443;12
6.444;12
6.445;12
6.446;11
6.447;12
6.448;12
6.449;12
6.45;11
6.451;12
6.452;12
6.453;12
6.454;11
6.455;12
6.456;11
6.457;12
6.458;12
6.459;12
6.46;12
6.461;11
6.462;12
6.463;12
6.464;12
6.465;11
6.466;12
6.467;12
6.468;11
6.469;12
6.47;12
6.471;11
6.472;12
6.473;12
6.474;12
6.475;12
6.476;11
6.477;12
6.478;12
6.479;12
6.48;11
6.481;12
6.482;12
6.483;12
6.484;11
6.485;12
6.486;11
6.487;12
6.488;12
6.489;12
6.49;12
6.491;12
6.492;11
6.493;12
6.494;12
6.495;11
6.496;12
6.497;12
6.498;12
6.499;11
6.5;12
6.501;12
6.502;11
6.503;12
6.504;12
6.505;12
6.506;12
6.507;11
6.508;12
6.509;12
6.51;11
6.511;12
6.512;12
6.513;12
6.514;11
6.515;12
6.516;12
6.517;11
6.518;12
6.519;12
6.52;12
6.521;12
6.522;11
6.523;12
6.524;12
6.525;11
6.526;12
6.527;12
6.528;12
6.529;11
6.53;12
6.531;12
6.532;11
6.533;12
6.534;12
6.535;12
6.536;12
6.537;11
6.538;12
6.539;12
6.54;12
6.541;11
6.542;12
6.543;12
6.544;11
6.545;12
6.546;12
6.547;11
6.548;12
6.549;12
6.55;12
6.551;12
6.552;11
6.553;12
6.554;12
6.555;12
6.556;11
6.557;12
6.558;12
6.559;12
6.56;11
6.561;12
6.562;11
6.563;12
6.564;12
6.565;12
6.566;12
6.567;11
6.568;12
6.569;12
6.57;12
6.571;11
6.572;12
6.573;12
6.574;12
6.575;11
6.576;12
6.577;12
6.578;11
6.579;12
6.58;12
6.581;12
6.582;12
6.583;11
6.584;12
6.585;12
6.586;11
6.587;12
6.588;12
6.589;12
6.59;11
6.591;12
6.592;12
6.593;11
6.594;12
6.595;12
6.596;12
6.597;12
6.598;11
6.599;12
6.6;12
6.601;12
6.602;11
6.603;12
6.604;12
6.605;11
6.606;12
6.607;12
6.608;11
6.609;12
6.61;12
6.611;12
6.612;12
6.613;11
6.614;12
6.615;12
6.616;12
6.617;11
6.618;12
6.619;12
6.62;12
6.621;11
6.622;12
6.623;12
6.624;11
6.625;12
6.626;12
6.627;12
6.628;12
6.629;11
6.63;12
6.631;12
6.632;11
6.633;12
6.634;12
6.635;12
6.636;11
6.637;12
6.638;12
6.639;11
6.64;12
6.641;12
6.642;12
6.643;12
6.644;11
6.645;12
6.646;12
6.647;11
6.648;12
6.649;12
6.65;12
6.651;11
6.652;12
6.653;12
6.654;11
6.655;12
6.656;12
6.657;12
6.658;12
6.659;11
6.66;12
6.661;12
6.662;11
6.663;12
6.664;12
6.665;12
6.666;11
6.667;12
6.668;12
6.669;11
6.67;12
6.671;12
6.672;12
6.673;12
6.674;11
6.675;12
6.676;12
6.677;11
6.678;12
6.679;12
6.68;12
6.681;11
6.682;12
6.683;12
6.684;11
6.685;12
6.686;12
6.687;12
6.688;12
6.689;11
6.69;12
6.691;12
6.692;11
6.693;12
6.694;12
6.695;12
6.696;11
6.697;12
6.698;12
6.699;11
6.7;12
6.701;12
6.702;12
6.703;12
6.704;11
6.705;12
6.706;12
6.707;11
6.708;12
6.709;12
6.71;12
6.711;11
6.712;12
6.713;12
6.714;11
6.715;12
6.716;12
6.717;12
6.718;12
6.719;11
6.72;12
6.721;12
6.722;11
6.723;12
6.724;12
6.725;12
6.726;11
6.727;12
6.728;12
6.729;11
6.73;12
6.731;12
6.732;12
6.733;12
6.734;11
6.735;12
6.736;12
6.737;11
6.738;12
6.739;12
6.74;12
6.741;11
6.742;12
6.743;12
6.744;11
6.745;12
6.746;12
6.747;12
6.748;12
6.749;11
6.75;12
6.751;12
6.752;11
6.753;12
6.754;12
6.755;12
6.756;11
6.757;12
6.758;12
6.759;11
6.76;12
6.761;12
6.762;12
6.763;12
6.764;12
6.765;11
6.766;12
6.767;12
6.768;11
6.769;12
6.77;12
6.771;11
6.772;12
6.773;12
6.774;11
6.775;12
6.776;12
6.777;12
6.778;12
6.779;12
6.78;11
6.781;12
6.782;12
6.783;11
6.784;12
6.785;12
6.786;12
6.787;11
6.788;12
6.789;12
6.79;11
6.791;12
6.792;12
6.793;12
6.794;12
6.795;11
6.796;12
6.797;12
6.798;11
6.799;12
6.8;12
6.801;12
6.802;11
6.803;12
6.804;11
6.805;12
6.806;12
6.807;12
6.808;12
6.809;12
6.81;11
6.811;12
6.812;12
6.813;11
6.814;12
6.815;12
6.816;12
6.817;11
6.818;12
6.819;12
6.82;11
6.821;12
6.822;12
6.823;12
6.824;12
6.825;12
6.826;11
6.827;12
6.828;12
6.829;11
6.83;12
6.831;12
6.832;11
6.833;12
6.834;12
6.835;11
6.836;12
6.837;12
6.838;12
6.839;-65524
6.84;12
6.841;11
6.842;12
6.843;12
6.844;11
6.845;12
6.846;12
6.847;12
6.848;11
6.849;12
6.85;11
6.851;12
6.852;12
6.853;12
6.854;12
6.855;12
6.856;11
6.857;12
6.858;12
6.859;11
6.86;12
6.861;12
6.862;12
6.863;11
6.864;12
6.865;12
6.866;11
6.867;12
6.868;12
6.869;12
6.87;12
6.871;11
6.872;12
6.873;12
6.874;12
6.875;11
6.876;12
6.877;12
6.878;11
6.879;12
6.88;12
6.881;11
6.882;12
6.883;12
6.884;12
6.885;12
6.886;12
6.887;11
6.888;12
6.889;12
6.89;11
6.891;12
6.892;12
6.893;12
6.894;11
6.895;12
6.896;11
6.897;12
6.898;12
6.899;12
6.9;12
6.901;12
6.902;11
6.903;12
6.904;12
6.905;11
6.906;12
6.907;12
6.908;12
6.909;11
6.91;12
6.911;12
6.912;11
6.913;12
6.914;12
6.915;12
6.916;12
6.917;12
6.918;11
6.919;12
6.92;12
6.921;11
6.922;12
6.923;12
6.924;12
6.925;11
6.926;12
6.927;11
6.928;12
6.929;12
6.93;12
6.931;12
6.932;12
6.933;11
6.934;12
6.935;12
6.936;11
6.937;12
6.938;12
6.939;12
6.94;11
6.941;12
6.942;11
6.943;12
6.944;12
6.945;12
6.946;12
6.947;12
6.948;11
6.949;12
6.95;12
6.951;12
6.952;11
6.953;12
6.954;12
6.955;11
6.956;12
6.957;12
6.958;11
6.959;12
6.96;12
6.961;12
6.962;12
6.963;12
6.964;11
6.965;12
6.966;12
6.967;11
6.968;12
6.969;12
6.97;12
6.971;11
6.972;12
6.973;12
6.974;11
6.975;12
6.976;12
6.977;12
6.978;12
6.979;11
6.98;12
6.981;12
6.982;11
6.983;12
6.984;12
6.985;12
6.986;11
6.987;12
6.988;12
6.989;11
6.99;12
6.991;12
6.992;12
6.993;12
6.994;12
6.995;11
6.996;12
6.997;12
6.998;11
6.999;12
7.0;12
7.001;11
7.002;12
7.003;12
7.004;11
7.005;12
7.006;12
7.007;12
7.008;12
7.009;12
7.01;11
7.011;12
7.012;12
7.013;11
7.014;12
7.015;12
7.016;12
7.017;11
7.018;12
7.019;12
7.02;11
7.021;12
7.022;12
7.023;12
7.024;12
7.025;11
7.026;12
7.027;12
7.028;11
7.029;12
7.03;12
7.031;12
7.032;11
7.033;12
7.034;11
7.035;12
7.036;12
7.037;12
7.038;12
7.039;12
7.04;11
7.041;12
7.042;12
7.043;11
7.044;12
7.045;12
7.046;12
7.047;11
7.048;12
7.049;12
7.05;11
7.051;12
7.052;12
7.053;12
7.054;12
7.055;12
7.056;11
7.057;12
7.058;12
7.059;11
7.06;12
7.061;12
7.062;12
7.063;11
7.064;12
7.065;11
7.066;12
7.067;12
7.068;12
7.069;12
7.07;12
7.071;11
7.072;12
7.073;12
7.074;11
7.075;12
7.076;12
7.077;12
7.078;11
7.079;12
7.08;11
7.081;12
7.082;12
7.083;12
7.084;12
7.085;12
7.086;11
7.087;12
7.088;12
7.089;11
7.09;12
7.091;12
7.092;12
7.093;11
7.094;12
7.095;12
7.096;11
7.097;12
7.098;12
7.099;12
7.1;12
7.101;12
7.102;11
7.103;12
7.104;12
7.105;11
7.106;12
7.107;12
7.108;12
7.109;11
7.11;12
7.111;12
7.112;11
7.113;12
7.114;12
7.115;12
7.116;12
7.117;11
7.118;12
7.119;12
7.12;11
7.121;12
7.122;12
7.123;12
7.124;11
7.125;12
7.126;12
7.127;11
7.128;12
7.129;12
7.13;12
7.131;12
7.132;12
7.133;11
7.134;12
7.135;12
7.136;11
7.137;12
7.138;12
7.139;12
7.14;11
7.141;12
7.142;12
7.143;11
7.144;12
7.145;12
7.146;12
7.147;12
7.148;12
7.149;11
7.15;12
7.151;12
7.152;11
7.153;12
7.154;12
7.155;12
7.156;11
7.157;12
7.158;12
7.159;11
7.16;12
7.161;12
7.162;12
7.163;12
7.164;11
7.165;12
7.166;12
7.167;11
7.168;12
7.169;12
7.17;12
7.171;11
7.172;12
7.173;12
7.174;12
7.175;11
7.176;12
7.177;12
7.178;12
7.179;12
7.18;11
7.181;12
7.182;12
7.183;11
7.184;12
7.185;12
7.186;12
7.187;11
7.188;12
7.189;12
7.19;11
7.191;12
7.192;12
7.193;12
7.194;12
7.195;11
7.196;12
7.197;12
7.198;12
7.199;11
7.2;12
7.201;12
7.202;12
7.203;11
7.204;12
7.205;12
7.206;11
7.207;12
7.208;12
7.209;12
7.21;12
7.211;11
7.212;12
7.213;12
7.214;12
7.215;11
7.216;12
7.217;12
7.218;12
7.219;11
7.22;12
7.221;12
7.222;11
7.223;12
7.224;12
7.225;12
7.226;12
7.227;11
7.228;12
7.229;12
7.23;12
7.231;11
7.232;12
7.233;12
7.234;12
7.235;11
7.236;12
7.237;11
7.238;12
7.239;12
7.24;12
7.241;12
7.242;12
7.243;11
7.244;12
7.245;12
7.246;11
7.247;12
7.248;12
7.249;12
7.25;11
7.251;12
7.252;12
7.253;11
7.254;12
7.255;12
7.256;12
7.257;12
7.258;11
7.259;12
7.26;12
7.261;12
7.262;11
7.263;12
7.264;12
7.265;12
7.266;11
7.267;12
7.268;12
7.269;11
7.27;12
7.271;12
7.272;12
7.273;12
7.274;12
7.275;11
7.276;12
7.277;12
7.278;11
7.279;12
7.28;12
7.281;12
7.282;11
7.283;12
7.284;12
7.285;11
7.286;12
7.287;12
7.288;12
7.289;12
7.29;12
7.291;11
7.292;12
7.293;12
7.294;11
7.295;12
7.296;12
7.297;12
7.298;11
7.299;12
7.3;12
7.301;11
7.302;12
7.303;12
7.304;12
7.305;12
7.306;11
7.307;12
7.308;12
7.309;11
7.31;12
7.311;12
7.312;12
7.313;11
7.314;12
7.315;12
7.316;12
7.317;11
7.318;12
7.319;12
7.32;12
7.321;12
7.322;11
7.323;12
7.324;12
7.325;11
7.326;12
7.327;12
7.328;12
7.329;11
7.33;12
7.331;12
7.332;11
7.333;12
7.334;12
7.335;12
7.336;12
7.337;12
7.338;11
7.339;12
7.34;12
7.341;11
7.342;12
7.343;12
7.344;12
7.345;11
7.346;12
7.347;12
7.348;11
7.349;12
7.35;12
7.351;12
7.352;12
7.353;12
7.354;11
7.355;12
7.356;12
7.357;11
7.358;12
7.359;12
7.36;12
7.361;11
7.362;12
7.363;12
7.364;11
7.365;12
7.366;12
7.367;12
7.368;12
7.369;11
7.37;12
7.371;12
7.372;12
7.373;11
7.374;12
7.375;12
7.376;12
7.377;11
7.378;12
7.379;12
7.38;11
7.381;12
7.382;12
7.383;12
7.384;12
7.385;11
7.386;12
7.387;12
7.388;12
7.389;11
7.39;12
7.391;12
7.392;12
7.393;11
7.394;12
7.395;12
7.396;11
7.397;12
7.398;12
7.399;12
7.4;12
7.401;11
7.402;12
7.403;12
7.404;12
7.405;11
7.406;12
7.407;12
7.408;12
7.409;11
7.41;12
7.411;11
7.412;12
7.413;12
7.414;12
7.415;12
7.416;12
7.417;12
7.418;11
7.419;12
7.42;12
7.421;11
7.422;12
7.423;12
7.424;12
7.425;11
7.426;12
7.427;12
7.428;11
7.429;12
7.43;12
7.431;12
7.432;12
7.433;12
7.434;11
7.435;12
7.436;12
7.437;11
7.438;12
7.439;12
7.44;12
7.441;11
7.442;12
7.443;12
7.444;11
7.445;12
7.446;12
7.447;12
7.448;12
7.449;12
7.45;11
7.451;12
7.452;12
7.453;11
7.454;12
7.455;12
7.456;12
7.457;11
7.458;12
7.459;12
7.46;12
7.461;11
7.462;12
7.463;12
7.464;12
7.465;12
7.466;11
7.467;12
7.468;12
7.469;11
7.47;12
7.471;12
7.472;12
7.473;12
7.474;11
7.475;12
7.476;12
7.477;11
7.478;12
7.479;12
7.48;12
7.481;12
7.482;11
7.483;12
7.484;12
7.485;12
7.486;11
7.487;12
7.488;12
7.489;12
7.49;11
7.491;12
7.492;12
7.493;11
7.494;12
7.495;12
7.496;12
7.497;12
7.498;11
7.499;12
7.5;12
7.501;12
7.502;11
7.503;12
7.504;12
7.505;12
7.506;11
7.507;12
7.508;12
7.509;11
7.51;12
7.511;12
7.512;12
7.513;12
7.514;12
7.515;11
7.516;12
7.517;12
7.518;11
7.519;12
7.52;12
7.521;12
7.522;11
7.523;12
7.524;12
7.525;11
7.526;12
7.527;12
7.528;12
7.529;12
7.53;12
7.531;11
7.532;12
7.533;12
7.534;11
7.535;12
7.536;12
7.537;12
7.538;11
7.539;12
7.54;12
7.541;11
7.542;12
7.543;12
7.544;12
7.545;12
7.546;12
7.547;11
7.548;12
7.549;12
7.55;11
7.551;12
7.552;12
7.553;12
7.554;11
7.555;12
7.556;12
7.557;12
7.558;11
7.559;12
7.56;12
7.561;12
7.562;12
7.563;11
7.564;12
7.565;12
7.566;11
7.567;12
7.568;12
7.569;12
7.57;12
7.571;11
7.572;12
7.573;12
7.574;11
7.575;12
7.576;12
7.577;12
7.578;12
7.579;11
7.58;12
7.581;12
7.582;12
7.583;11
7.584;12
7.585;12
7.586;12
7.587;11
7.588;12
7.589;12
7.59;11
7.591;12
7.592;12
7.593;12
7.594;12
7.595;11
7.596;12
7.597;12
7.598;12
7.599;11
7.6;12
7.601;12
7.602;12
7.603;11
7.604;12
7.605;12
7.606;11
7.607;12
7.608;12
7.609;12
7.61;12
7.611;12
7.612;11
7.613;12
7.614;12
7.615;11
7.616;12
7.617;12
7.618;12
7.619;11
7.62;12
7.621;12
7.622;11
7.623;12
7.624;12
7.625;12
7.626;12
7.627;12
7.628;11
7.629;12
7.63;12
7.631;11
7.632;12
7.633;12
7.634;12
7.635;11
7.636;12
7.637;12
7.638;12
7.639;11
7.64;12
7.641;12
7.642;12
7.643;12
7.644;12
7.645;11
7.646;12
7.647;12
7.648;11
7.649;12
7.65;12
7.651;12
7.652;11
7.653;12
7.654;12
7.655;11
7.656;12
7.657;12
7.658;12
7.659;12
7.66;12
7.661;11
7.662;12
7.663;12
7.664;12
7.665;11
7.666;12
7.667;12
7.668;12
7.669;11
7.67;12
7.671;12
7.672;11
7.673;12
7.674;12
7.675;12
7.676;12
7.677;12
7.678;11
7.679;12
7.68;12
7.681;11
7.682;12
7.683;12
7.684;12
7.685;11
7.686;12
7.687;12
7.688;11
7.689;12
7.69;12
7.691;12
7.692;12
7.693;12
7.694;11
7.695;12
7.696;12
7.697;12
7.698;11
7.699;12
7.7;12
7.701;12
7.702;11
7.703;12
7.704;12
7.705;11
7.706;12
7.707;12
7.708;12
7.709;12
7.71;12
7.711;11
7.712;12
7.713;12
7.714;11
7.715;12
7.716;12
7.717;12
7.718;11
7.719;12
7.72;12
7.721;11
7.722;12
7.723;12
7.724;12
7.725;12
7.726;12
7.727;11
7.728;12
7.729;12
7.73;12
7.731;11
7.732;12
7.733;12
7.734;12
7.735;11
7.736;12
7.737;12
7.738;11
7.739;12
7.74;12
7.741;12
7.742;12
7.743;11
7.744;12
7.745;12
7.746;12
7.747;11
7.748;12
7.749;12
7.75;12
7.751;11
7.752;12
7.753;12
7.754;11
7.755;12
7.756;12
7.757;12
7.758;12
7.759;12
7.76;11
7.761;12
7.762;12
7.763;12
7.764;11
7.765;12
7.766;12
7.767;12
7.768;11
7.769;12
7.77;12
7.771;11
7.772;12
7.773;12
7.774;12
7.775;12
7.776;12
7.777;11
7.778;12
7.779;12
7.78;11
7.781;12
7.782;12
7.783;12
7.784;11
7.785;12
7.786;12
7.787;12
7.788;11
7.789;12
7.79;12
7.791;12
7.792;12
7.793;11
7.794;12
7.795;12
7.796;12
7.797;11
7.798;12
7.799;12
7.8;12
7.801;11
7.802;12
7.803;12
7.804;11
7.805;12
7.806;12
7.807;12
7.808;12
7.809;12
7.81;11
7.811;12
7.812;12
7.813;11
7.814;12
7.815;12
7.816;12
7.817;12
7.818;11
7.819;12
7.82;11
7.821;12
7.822;12
7.823;12
7.824;12
7.825;12
7.826;11
7.827;12
7.828;12
7.829;12
7.83;11
7.831;12
7.832;12
7.833;12
7.834;11
7.835;12
7.836;12
7.837;11
7.838;12
7.839;12
7.84;12
7.841;12
7.842;12
7.843;11
7.844;12
7.845;12
7.846;11
7.847;12
7.848;12
7.849;12
7.85;11
7.851;12
7.852;12
7.853;11
7.854;12
7.855;12
7.856;12
7.857;12
7.858;12
7.859;11
7.86;12
7.861;12
7.862;11
7.863;12
7.864;12
7.865;12
7.866;12
7.867;11
7.868;12
7.869;11
7.87;12
7.871;12
7.872;12
7.873;12
7.874;12
7.875;11
7.876;12
7.877;12
7.878;12
7.879;11
7.88;12
7.881;12
7.882;12
7.883;11
7.884;12
7.885;12
7.886;11
7.887;12
7.888;12
7.889;12
7.89;12
7.891;11
7.892;12
7.893;12
7.894;12
7.895;11
7.896;12
7.897;12
7.898;12
7.899;11
7.9;12
7.901;12
7.902;11
7.903;12
7.904;12
7.905;12
7.906;12
7.907;12
7.908;11
7.909;12
7.91;12
7.911;11
7.912;12
7.913;12
7.914;12
7.915;11
7.916;12
7.917;12
7.918;11
7.919;12
7.92;12
7.921;12
7.922;12
7.923;12
7.924;11
7.925;12
7.926;12
7.927;12
7.928;11
7.929;12
7.93;12
7.931;12
7.932;11
7.933;12
7.934;12
7.935;11
7.936;12
7.937;12
7.938;12
7.939;12
7.94;12
7.941;11
7.942;12
7.943;12
7.944;11
7.945;12
7.946;12
7.947;12
7.948;11
7.949;12
7.95;12
7.951;11
7.952;12
7.953;12
7.954;12
7.955;12
7.956;12
7.957;11
7.958;12
7.959;12
7.96;12
7.961;11
7.962;12
7.963;12
7.964;12
7.965;11
7.966;12
7.967;11
7.968;12
7.969;12
7.97;12
7.971;12
7.972;12
7.973;11
7.974;12
7.975;12
7.976;12
7.977;11
7.978;12
7.979;12
7.98;12
7.981;11
7.982;12
7.983;12
7.984;11
7.985;12
7.986;12
7.987;12
7.988;12
7.989;12
7.99;11
7.991;12
7.992;12
7.993;11
7.994;12
7.995;12
7.996;12
7.997;11
7.998;12
7.999;12
